file	record_kind	logical_index_or_field	file_offset_hex	size_bytes	value_hex_or_hash	value_text_or_integer	assembly_use
Env.dat	environment_field	marked_layout_marker	00000000	4	FFFFFFFF		0xFFFFFFFF selects marked layout
Env.dat	environment_field	sixteen_global_bytes	00000004	16	C8D0CBCD391C9D01CF36131E223BC9D1		copied to/from sixteen byte globals
Env.dat	environment_field	integer_parameter	00000014	4	64000000		32-bit caller parameter
Env.dat	environment_field	six_option_bytes	00000018	6	06063C00020A		six byte-sized caller parameters
Env.dat	environment_field	preserved_or_migration_area	0000001E	16	00F8E0071F0000000000000000000000		zeroed only during unmarked-layout migration
Env.dat	environment_field	string_1	0000002E	14	453A5C47616D655C737764335C00	E:\Game\swd3\	first NUL-terminated string
Env.dat	environment_field	string_2	0000003C	1	00		second NUL-terminated string
Env.dat	environment_field	trailing_mode	0000003D	1	02	2	read by sub_423FB0 into byte_4C97F4
Env.dat	environment_field	cache_session_marker	0000003E	1	01	1	written active by sub_4259B0, written clean by sub_4258E0, nonzero invalidates CM cache in sub_425570
Fame.dat	fame_u16_slot	0	00000000	2	0000	0	outside sub_409CE0/sub_409DD0 id loop
Fame.dat	fame_u16_slot	1	00000002	2	0000	0	fame id 1..500 raw u16 value
Fame.dat	fame_u16_slot	2	00000004	2	0000	0	fame id 1..500 raw u16 value
Fame.dat	fame_u16_slot	3	00000006	2	0000	0	fame id 1..500 raw u16 value
Fame.dat	fame_u16_slot	4	00000008	2	0000	0	fame id 1..500 raw u16 value
Fame.dat	fame_u16_slot	5	0000000A	2	0000	0	fame id 1..500 raw u16 value
Fame.dat	fame_u16_slot	6	0000000C	2	0000	0	fame id 1..500 raw u16 value
Fame.dat	fame_u16_slot	7	0000000E	2	0000	0	fame id 1..500 raw u16 value
Fame.dat	fame_u16_slot	8	00000010	2	0000	0	fame id 1..500 raw u16 value
Fame.dat	fame_u16_slot	9	00000012	2	0000	0	fame id 1..500 raw u16 value
Fame.dat	fame_u16_slot	10	00000014	2	0000	0	fame id 1..500 raw u16 value
Fame.dat	fame_u16_slot	11	00000016	2	0000	0	fame id 1..500 raw u16 value
Fame.dat	fame_u16_slot	12	00000018	2	0000	0	fame id 1..500 raw u16 value
Fame.dat	fame_u16_slot	13	0000001A	2	0000	0	fame id 1..500 raw u16 value
Fame.dat	fame_u16_slot	14	0000001C	2	0000	0	fame id 1..500 raw u16 value
Fame.dat	fame_u16_slot	15	0000001E	2	0000	0	fame id 1..500 raw u16 value
Fame.dat	fame_u16_slot	16	00000020	2	0000	0	fame id 1..500 raw u16 value
Fame.dat	fame_u16_slot	17	00000022	2	0000	0	fame id 1..500 raw u16 value
Fame.dat	fame_u16_slot	18	00000024	2	0000	0	fame id 1..500 raw u16 value
Fame.dat	fame_u16_slot	19	00000026	2	0000	0	fame id 1..500 raw u16 value
Fame.dat	fame_u16_slot	20	00000028	2	0000	0	fame id 1..500 raw u16 value
Fame.dat	fame_u16_slot	21	0000002A	2	0000	0	fame id 1..500 raw u16 value
Fame.dat	fame_u16_slot	22	0000002C	2	0000	0	fame id 1..500 raw u16 value
Fame.dat	fame_u16_slot	23	0000002E	2	0000	0	fame id 1..500 raw u16 value
Fame.dat	fame_u16_slot	24	00000030	2	0000	0	fame id 1..500 raw u16 value
Fame.dat	fame_u16_slot	25	00000032	2	0000	0	fame id 1..500 raw u16 value
Fame.dat	fame_u16_slot	26	00000034	2	0000	0	fame id 1..500 raw u16 value
Fame.dat	fame_u16_slot	27	00000036	2	0000	0	fame id 1..500 raw u16 value
Fame.dat	fame_u16_slot	28	00000038	2	0000	0	fame id 1..500 raw u16 value
Fame.dat	fame_u16_slot	29	0000003A	2	0000	0	fame id 1..500 raw u16 value
Fame.dat	fame_u16_slot	30	0000003C	2	0000	0	fame id 1..500 raw u16 value
Fame.dat	fame_u16_slot	31	0000003E	2	0000	0	fame id 1..500 raw u16 value
Fame.dat	fame_u16_slot	32	00000040	2	0000	0	fame id 1..500 raw u16 value
Fame.dat	fame_u16_slot	33	00000042	2	0000	0	fame id 1..500 raw u16 value
Fame.dat	fame_u16_slot	34	00000044	2	0000	0	fame id 1..500 raw u16 value
Fame.dat	fame_u16_slot	35	00000046	2	0000	0	fame id 1..500 raw u16 value
Fame.dat	fame_u16_slot	36	00000048	2	0000	0	fame id 1..500 raw u16 value
Fame.dat	fame_u16_slot	37	0000004A	2	0000	0	fame id 1..500 raw u16 value
Fame.dat	fame_u16_slot	38	0000004C	2	0000	0	fame id 1..500 raw u16 value
Fame.dat	fame_u16_slot	39	0000004E	2	0000	0	fame id 1..500 raw u16 value
Fame.dat	fame_u16_slot	40	00000050	2	0000	0	fame id 1..500 raw u16 value
Fame.dat	fame_u16_slot	41	00000052	2	0000	0	fame id 1..500 raw u16 value
Fame.dat	fame_u16_slot	42	00000054	2	0000	0	fame id 1..500 raw u16 value
Fame.dat	fame_u16_slot	43	00000056	2	0000	0	fame id 1..500 raw u16 value
Fame.dat	fame_u16_slot	44	00000058	2	0000	0	fame id 1..500 raw u16 value
Fame.dat	fame_u16_slot	45	0000005A	2	0000	0	fame id 1..500 raw u16 value
Fame.dat	fame_u16_slot	46	0000005C	2	0000	0	fame id 1..500 raw u16 value
Fame.dat	fame_u16_slot	47	0000005E	2	0000	0	fame id 1..500 raw u16 value
Fame.dat	fame_u16_slot	48	00000060	2	0000	0	fame id 1..500 raw u16 value
Fame.dat	fame_u16_slot	49	00000062	2	0000	0	fame id 1..500 raw u16 value
Fame.dat	fame_u16_slot	50	00000064	2	0000	0	fame id 1..500 raw u16 value
Fame.dat	fame_u16_slot	51	00000066	2	0000	0	fame id 1..500 raw u16 value
Fame.dat	fame_u16_slot	52	00000068	2	0000	0	fame id 1..500 raw u16 value
Fame.dat	fame_u16_slot	53	0000006A	2	0000	0	fame id 1..500 raw u16 value
Fame.dat	fame_u16_slot	54	0000006C	2	0000	0	fame id 1..500 raw u16 value
Fame.dat	fame_u16_slot	55	0000006E	2	0000	0	fame id 1..500 raw u16 value
Fame.dat	fame_u16_slot	56	00000070	2	0000	0	fame id 1..500 raw u16 value
Fame.dat	fame_u16_slot	57	00000072	2	0000	0	fame id 1..500 raw u16 value
Fame.dat	fame_u16_slot	58	00000074	2	0000	0	fame id 1..500 raw u16 value
Fame.dat	fame_u16_slot	59	00000076	2	0000	0	fame id 1..500 raw u16 value
Fame.dat	fame_u16_slot	60	00000078	2	0000	0	fame id 1..500 raw u16 value
Fame.dat	fame_u16_slot	61	0000007A	2	0000	0	fame id 1..500 raw u16 value
Fame.dat	fame_u16_slot	62	0000007C	2	0000	0	fame id 1..500 raw u16 value
Fame.dat	fame_u16_slot	63	0000007E	2	0000	0	fame id 1..500 raw u16 value
Fame.dat	fame_u16_slot	64	00000080	2	0000	0	fame id 1..500 raw u16 value
Fame.dat	fame_u16_slot	65	00000082	2	0000	0	fame id 1..500 raw u16 value
Fame.dat	fame_u16_slot	66	00000084	2	0000	0	fame id 1..500 raw u16 value
Fame.dat	fame_u16_slot	67	00000086	2	0000	0	fame id 1..500 raw u16 value
Fame.dat	fame_u16_slot	68	00000088	2	0000	0	fame id 1..500 raw u16 value
Fame.dat	fame_u16_slot	69	0000008A	2	0000	0	fame id 1..500 raw u16 value
Fame.dat	fame_u16_slot	70	0000008C	2	0000	0	fame id 1..500 raw u16 value
Fame.dat	fame_u16_slot	71	0000008E	2	0000	0	fame id 1..500 raw u16 value
Fame.dat	fame_u16_slot	72	00000090	2	0000	0	fame id 1..500 raw u16 value
Fame.dat	fame_u16_slot	73	00000092	2	0000	0	fame id 1..500 raw u16 value
Fame.dat	fame_u16_slot	74	00000094	2	0000	0	fame id 1..500 raw u16 value
Fame.dat	fame_u16_slot	75	00000096	2	0000	0	fame id 1..500 raw u16 value
Fame.dat	fame_u16_slot	76	00000098	2	0000	0	fame id 1..500 raw u16 value
Fame.dat	fame_u16_slot	77	0000009A	2	0000	0	fame id 1..500 raw u16 value
Fame.dat	fame_u16_slot	78	0000009C	2	0000	0	fame id 1..500 raw u16 value
Fame.dat	fame_u16_slot	79	0000009E	2	0000	0	fame id 1..500 raw u16 value
Fame.dat	fame_u16_slot	80	000000A0	2	0000	0	fame id 1..500 raw u16 value
Fame.dat	fame_u16_slot	81	000000A2	2	0000	0	fame id 1..500 raw u16 value
Fame.dat	fame_u16_slot	82	000000A4	2	0000	0	fame id 1..500 raw u16 value
Fame.dat	fame_u16_slot	83	000000A6	2	0000	0	fame id 1..500 raw u16 value
Fame.dat	fame_u16_slot	84	000000A8	2	0000	0	fame id 1..500 raw u16 value
Fame.dat	fame_u16_slot	85	000000AA	2	0000	0	fame id 1..500 raw u16 value
Fame.dat	fame_u16_slot	86	000000AC	2	0000	0	fame id 1..500 raw u16 value
Fame.dat	fame_u16_slot	87	000000AE	2	0000	0	fame id 1..500 raw u16 value
Fame.dat	fame_u16_slot	88	000000B0	2	0000	0	fame id 1..500 raw u16 value
Fame.dat	fame_u16_slot	89	000000B2	2	0000	0	fame id 1..500 raw u16 value
Fame.dat	fame_u16_slot	90	000000B4	2	0000	0	fame id 1..500 raw u16 value
Fame.dat	fame_u16_slot	91	000000B6	2	0000	0	fame id 1..500 raw u16 value
Fame.dat	fame_u16_slot	92	000000B8	2	0000	0	fame id 1..500 raw u16 value
Fame.dat	fame_u16_slot	93	000000BA	2	0000	0	fame id 1..500 raw u16 value
Fame.dat	fame_u16_slot	94	000000BC	2	0000	0	fame id 1..500 raw u16 value
Fame.dat	fame_u16_slot	95	000000BE	2	0000	0	fame id 1..500 raw u16 value
Fame.dat	fame_u16_slot	96	000000C0	2	0000	0	fame id 1..500 raw u16 value
Fame.dat	fame_u16_slot	97	000000C2	2	0000	0	fame id 1..500 raw u16 value
Fame.dat	fame_u16_slot	98	000000C4	2	0000	0	fame id 1..500 raw u16 value
Fame.dat	fame_u16_slot	99	000000C6	2	0000	0	fame id 1..500 raw u16 value
Fame.dat	fame_u16_slot	100	000000C8	2	0000	0	fame id 1..500 raw u16 value
Fame.dat	fame_u16_slot	101	000000CA	2	0000	0	fame id 1..500 raw u16 value
Fame.dat	fame_u16_slot	102	000000CC	2	0000	0	fame id 1..500 raw u16 value
Fame.dat	fame_u16_slot	103	000000CE	2	0000	0	fame id 1..500 raw u16 value
Fame.dat	fame_u16_slot	104	000000D0	2	0000	0	fame id 1..500 raw u16 value
Fame.dat	fame_u16_slot	105	000000D2	2	0000	0	fame id 1..500 raw u16 value
Fame.dat	fame_u16_slot	106	000000D4	2	0000	0	fame id 1..500 raw u16 value
Fame.dat	fame_u16_slot	107	000000D6	2	0000	0	fame id 1..500 raw u16 value
Fame.dat	fame_u16_slot	108	000000D8	2	0000	0	fame id 1..500 raw u16 value
Fame.dat	fame_u16_slot	109	000000DA	2	0002	2	fame id 1..500 raw u16 value
Fame.dat	fame_u16_slot	110	000000DC	2	0000	0	fame id 1..500 raw u16 value
Fame.dat	fame_u16_slot	111	000000DE	2	0001	1	fame id 1..500 raw u16 value
Fame.dat	fame_u16_slot	112	000000E0	2	0000	0	fame id 1..500 raw u16 value
Fame.dat	fame_u16_slot	113	000000E2	2	0000	0	fame id 1..500 raw u16 value
Fame.dat	fame_u16_slot	114	000000E4	2	0000	0	fame id 1..500 raw u16 value
Fame.dat	fame_u16_slot	115	000000E6	2	0003	3	fame id 1..500 raw u16 value
Fame.dat	fame_u16_slot	116	000000E8	2	0001	1	fame id 1..500 raw u16 value
Fame.dat	fame_u16_slot	117	000000EA	2	0000	0	fame id 1..500 raw u16 value
Fame.dat	fame_u16_slot	118	000000EC	2	0000	0	fame id 1..500 raw u16 value
Fame.dat	fame_u16_slot	119	000000EE	2	0000	0	fame id 1..500 raw u16 value
Fame.dat	fame_u16_slot	120	000000F0	2	0000	0	fame id 1..500 raw u16 value
Fame.dat	fame_u16_slot	121	000000F2	2	0000	0	fame id 1..500 raw u16 value
Fame.dat	fame_u16_slot	122	000000F4	2	0000	0	fame id 1..500 raw u16 value
Fame.dat	fame_u16_slot	123	000000F6	2	0000	0	fame id 1..500 raw u16 value
Fame.dat	fame_u16_slot	124	000000F8	2	0000	0	fame id 1..500 raw u16 value
Fame.dat	fame_u16_slot	125	000000FA	2	0000	0	fame id 1..500 raw u16 value
Fame.dat	fame_u16_slot	126	000000FC	2	0000	0	fame id 1..500 raw u16 value
Fame.dat	fame_u16_slot	127	000000FE	2	0000	0	fame id 1..500 raw u16 value
Fame.dat	fame_u16_slot	128	00000100	2	0000	0	fame id 1..500 raw u16 value
Fame.dat	fame_u16_slot	129	00000102	2	0000	0	fame id 1..500 raw u16 value
Fame.dat	fame_u16_slot	130	00000104	2	0001	1	fame id 1..500 raw u16 value
Fame.dat	fame_u16_slot	131	00000106	2	0000	0	fame id 1..500 raw u16 value
Fame.dat	fame_u16_slot	132	00000108	2	0000	0	fame id 1..500 raw u16 value
Fame.dat	fame_u16_slot	133	0000010A	2	0000	0	fame id 1..500 raw u16 value
Fame.dat	fame_u16_slot	134	0000010C	2	0000	0	fame id 1..500 raw u16 value
Fame.dat	fame_u16_slot	135	0000010E	2	0000	0	fame id 1..500 raw u16 value
Fame.dat	fame_u16_slot	136	00000110	2	0000	0	fame id 1..500 raw u16 value
Fame.dat	fame_u16_slot	137	00000112	2	0000	0	fame id 1..500 raw u16 value
Fame.dat	fame_u16_slot	138	00000114	2	0000	0	fame id 1..500 raw u16 value
Fame.dat	fame_u16_slot	139	00000116	2	0000	0	fame id 1..500 raw u16 value
Fame.dat	fame_u16_slot	140	00000118	2	0000	0	fame id 1..500 raw u16 value
Fame.dat	fame_u16_slot	141	0000011A	2	0000	0	fame id 1..500 raw u16 value
Fame.dat	fame_u16_slot	142	0000011C	2	0000	0	fame id 1..500 raw u16 value
Fame.dat	fame_u16_slot	143	0000011E	2	0000	0	fame id 1..500 raw u16 value
Fame.dat	fame_u16_slot	144	00000120	2	0000	0	fame id 1..500 raw u16 value
Fame.dat	fame_u16_slot	145	00000122	2	0000	0	fame id 1..500 raw u16 value
Fame.dat	fame_u16_slot	146	00000124	2	0000	0	fame id 1..500 raw u16 value
Fame.dat	fame_u16_slot	147	00000126	2	0000	0	fame id 1..500 raw u16 value
Fame.dat	fame_u16_slot	148	00000128	2	0000	0	fame id 1..500 raw u16 value
Fame.dat	fame_u16_slot	149	0000012A	2	0000	0	fame id 1..500 raw u16 value
Fame.dat	fame_u16_slot	150	0000012C	2	0000	0	fame id 1..500 raw u16 value
Fame.dat	fame_u16_slot	151	0000012E	2	0000	0	fame id 1..500 raw u16 value
Fame.dat	fame_u16_slot	152	00000130	2	0000	0	fame id 1..500 raw u16 value
Fame.dat	fame_u16_slot	153	00000132	2	0000	0	fame id 1..500 raw u16 value
Fame.dat	fame_u16_slot	154	00000134	2	0000	0	fame id 1..500 raw u16 value
Fame.dat	fame_u16_slot	155	00000136	2	0000	0	fame id 1..500 raw u16 value
Fame.dat	fame_u16_slot	156	00000138	2	0000	0	fame id 1..500 raw u16 value
Fame.dat	fame_u16_slot	157	0000013A	2	0000	0	fame id 1..500 raw u16 value
Fame.dat	fame_u16_slot	158	0000013C	2	0000	0	fame id 1..500 raw u16 value
Fame.dat	fame_u16_slot	159	0000013E	2	0000	0	fame id 1..500 raw u16 value
Fame.dat	fame_u16_slot	160	00000140	2	0000	0	fame id 1..500 raw u16 value
Fame.dat	fame_u16_slot	161	00000142	2	0000	0	fame id 1..500 raw u16 value
Fame.dat	fame_u16_slot	162	00000144	2	0000	0	fame id 1..500 raw u16 value
Fame.dat	fame_u16_slot	163	00000146	2	0000	0	fame id 1..500 raw u16 value
Fame.dat	fame_u16_slot	164	00000148	2	0000	0	fame id 1..500 raw u16 value
Fame.dat	fame_u16_slot	165	0000014A	2	0000	0	fame id 1..500 raw u16 value
Fame.dat	fame_u16_slot	166	0000014C	2	0000	0	fame id 1..500 raw u16 value
Fame.dat	fame_u16_slot	167	0000014E	2	0000	0	fame id 1..500 raw u16 value
Fame.dat	fame_u16_slot	168	00000150	2	0000	0	fame id 1..500 raw u16 value
Fame.dat	fame_u16_slot	169	00000152	2	0000	0	fame id 1..500 raw u16 value
Fame.dat	fame_u16_slot	170	00000154	2	0001	1	fame id 1..500 raw u16 value
Fame.dat	fame_u16_slot	171	00000156	2	0001	1	fame id 1..500 raw u16 value
Fame.dat	fame_u16_slot	172	00000158	2	0000	0	fame id 1..500 raw u16 value
Fame.dat	fame_u16_slot	173	0000015A	2	0000	0	fame id 1..500 raw u16 value
Fame.dat	fame_u16_slot	174	0000015C	2	0000	0	fame id 1..500 raw u16 value
Fame.dat	fame_u16_slot	175	0000015E	2	0000	0	fame id 1..500 raw u16 value
Fame.dat	fame_u16_slot	176	00000160	2	0000	0	fame id 1..500 raw u16 value
Fame.dat	fame_u16_slot	177	00000162	2	0000	0	fame id 1..500 raw u16 value
Fame.dat	fame_u16_slot	178	00000164	2	0000	0	fame id 1..500 raw u16 value
Fame.dat	fame_u16_slot	179	00000166	2	0000	0	fame id 1..500 raw u16 value
Fame.dat	fame_u16_slot	180	00000168	2	0000	0	fame id 1..500 raw u16 value
Fame.dat	fame_u16_slot	181	0000016A	2	0000	0	fame id 1..500 raw u16 value
Fame.dat	fame_u16_slot	182	0000016C	2	0000	0	fame id 1..500 raw u16 value
Fame.dat	fame_u16_slot	183	0000016E	2	0000	0	fame id 1..500 raw u16 value
Fame.dat	fame_u16_slot	184	00000170	2	0000	0	fame id 1..500 raw u16 value
Fame.dat	fame_u16_slot	185	00000172	2	0000	0	fame id 1..500 raw u16 value
Fame.dat	fame_u16_slot	186	00000174	2	0000	0	fame id 1..500 raw u16 value
Fame.dat	fame_u16_slot	187	00000176	2	0000	0	fame id 1..500 raw u16 value
Fame.dat	fame_u16_slot	188	00000178	2	0000	0	fame id 1..500 raw u16 value
Fame.dat	fame_u16_slot	189	0000017A	2	0000	0	fame id 1..500 raw u16 value
Fame.dat	fame_u16_slot	190	0000017C	2	0000	0	fame id 1..500 raw u16 value
Fame.dat	fame_u16_slot	191	0000017E	2	0000	0	fame id 1..500 raw u16 value
Fame.dat	fame_u16_slot	192	00000180	2	0000	0	fame id 1..500 raw u16 value
Fame.dat	fame_u16_slot	193	00000182	2	0000	0	fame id 1..500 raw u16 value
Fame.dat	fame_u16_slot	194	00000184	2	0000	0	fame id 1..500 raw u16 value
Fame.dat	fame_u16_slot	195	00000186	2	0000	0	fame id 1..500 raw u16 value
Fame.dat	fame_u16_slot	196	00000188	2	0000	0	fame id 1..500 raw u16 value
Fame.dat	fame_u16_slot	197	0000018A	2	0000	0	fame id 1..500 raw u16 value
Fame.dat	fame_u16_slot	198	0000018C	2	0000	0	fame id 1..500 raw u16 value
Fame.dat	fame_u16_slot	199	0000018E	2	0000	0	fame id 1..500 raw u16 value
Fame.dat	fame_u16_slot	200	00000190	2	0000	0	fame id 1..500 raw u16 value
Fame.dat	fame_u16_slot	201	00000192	2	0000	0	fame id 1..500 raw u16 value
Fame.dat	fame_u16_slot	202	00000194	2	0000	0	fame id 1..500 raw u16 value
Fame.dat	fame_u16_slot	203	00000196	2	0000	0	fame id 1..500 raw u16 value
Fame.dat	fame_u16_slot	204	00000198	2	0000	0	fame id 1..500 raw u16 value
Fame.dat	fame_u16_slot	205	0000019A	2	0000	0	fame id 1..500 raw u16 value
Fame.dat	fame_u16_slot	206	0000019C	2	0000	0	fame id 1..500 raw u16 value
Fame.dat	fame_u16_slot	207	0000019E	2	0000	0	fame id 1..500 raw u16 value
Fame.dat	fame_u16_slot	208	000001A0	2	0000	0	fame id 1..500 raw u16 value
Fame.dat	fame_u16_slot	209	000001A2	2	0000	0	fame id 1..500 raw u16 value
Fame.dat	fame_u16_slot	210	000001A4	2	0000	0	fame id 1..500 raw u16 value
Fame.dat	fame_u16_slot	211	000001A6	2	0000	0	fame id 1..500 raw u16 value
Fame.dat	fame_u16_slot	212	000001A8	2	0000	0	fame id 1..500 raw u16 value
Fame.dat	fame_u16_slot	213	000001AA	2	0000	0	fame id 1..500 raw u16 value
Fame.dat	fame_u16_slot	214	000001AC	2	0000	0	fame id 1..500 raw u16 value
Fame.dat	fame_u16_slot	215	000001AE	2	0000	0	fame id 1..500 raw u16 value
Fame.dat	fame_u16_slot	216	000001B0	2	0000	0	fame id 1..500 raw u16 value
Fame.dat	fame_u16_slot	217	000001B2	2	0000	0	fame id 1..500 raw u16 value
Fame.dat	fame_u16_slot	218	000001B4	2	0000	0	fame id 1..500 raw u16 value
Fame.dat	fame_u16_slot	219	000001B6	2	0000	0	fame id 1..500 raw u16 value
Fame.dat	fame_u16_slot	220	000001B8	2	0000	0	fame id 1..500 raw u16 value
Fame.dat	fame_u16_slot	221	000001BA	2	0000	0	fame id 1..500 raw u16 value
Fame.dat	fame_u16_slot	222	000001BC	2	0000	0	fame id 1..500 raw u16 value
Fame.dat	fame_u16_slot	223	000001BE	2	0000	0	fame id 1..500 raw u16 value
Fame.dat	fame_u16_slot	224	000001C0	2	0000	0	fame id 1..500 raw u16 value
Fame.dat	fame_u16_slot	225	000001C2	2	0000	0	fame id 1..500 raw u16 value
Fame.dat	fame_u16_slot	226	000001C4	2	0000	0	fame id 1..500 raw u16 value
Fame.dat	fame_u16_slot	227	000001C6	2	0000	0	fame id 1..500 raw u16 value
Fame.dat	fame_u16_slot	228	000001C8	2	0000	0	fame id 1..500 raw u16 value
Fame.dat	fame_u16_slot	229	000001CA	2	0000	0	fame id 1..500 raw u16 value
Fame.dat	fame_u16_slot	230	000001CC	2	0000	0	fame id 1..500 raw u16 value
Fame.dat	fame_u16_slot	231	000001CE	2	0000	0	fame id 1..500 raw u16 value
Fame.dat	fame_u16_slot	232	000001D0	2	0000	0	fame id 1..500 raw u16 value
Fame.dat	fame_u16_slot	233	000001D2	2	0000	0	fame id 1..500 raw u16 value
Fame.dat	fame_u16_slot	234	000001D4	2	0000	0	fame id 1..500 raw u16 value
Fame.dat	fame_u16_slot	235	000001D6	2	0000	0	fame id 1..500 raw u16 value
Fame.dat	fame_u16_slot	236	000001D8	2	0000	0	fame id 1..500 raw u16 value
Fame.dat	fame_u16_slot	237	000001DA	2	0000	0	fame id 1..500 raw u16 value
Fame.dat	fame_u16_slot	238	000001DC	2	0000	0	fame id 1..500 raw u16 value
Fame.dat	fame_u16_slot	239	000001DE	2	0000	0	fame id 1..500 raw u16 value
Fame.dat	fame_u16_slot	240	000001E0	2	0000	0	fame id 1..500 raw u16 value
Fame.dat	fame_u16_slot	241	000001E2	2	0000	0	fame id 1..500 raw u16 value
Fame.dat	fame_u16_slot	242	000001E4	2	0000	0	fame id 1..500 raw u16 value
Fame.dat	fame_u16_slot	243	000001E6	2	0000	0	fame id 1..500 raw u16 value
Fame.dat	fame_u16_slot	244	000001E8	2	0000	0	fame id 1..500 raw u16 value
Fame.dat	fame_u16_slot	245	000001EA	2	0000	0	fame id 1..500 raw u16 value
Fame.dat	fame_u16_slot	246	000001EC	2	0000	0	fame id 1..500 raw u16 value
Fame.dat	fame_u16_slot	247	000001EE	2	0000	0	fame id 1..500 raw u16 value
Fame.dat	fame_u16_slot	248	000001F0	2	0000	0	fame id 1..500 raw u16 value
Fame.dat	fame_u16_slot	249	000001F2	2	0000	0	fame id 1..500 raw u16 value
Fame.dat	fame_u16_slot	250	000001F4	2	0000	0	fame id 1..500 raw u16 value
Fame.dat	fame_u16_slot	251	000001F6	2	0000	0	fame id 1..500 raw u16 value
Fame.dat	fame_u16_slot	252	000001F8	2	0000	0	fame id 1..500 raw u16 value
Fame.dat	fame_u16_slot	253	000001FA	2	0000	0	fame id 1..500 raw u16 value
Fame.dat	fame_u16_slot	254	000001FC	2	0000	0	fame id 1..500 raw u16 value
Fame.dat	fame_u16_slot	255	000001FE	2	0000	0	fame id 1..500 raw u16 value
Fame.dat	fame_u16_slot	256	00000200	2	0000	0	fame id 1..500 raw u16 value
Fame.dat	fame_u16_slot	257	00000202	2	0000	0	fame id 1..500 raw u16 value
Fame.dat	fame_u16_slot	258	00000204	2	0000	0	fame id 1..500 raw u16 value
Fame.dat	fame_u16_slot	259	00000206	2	0000	0	fame id 1..500 raw u16 value
Fame.dat	fame_u16_slot	260	00000208	2	0000	0	fame id 1..500 raw u16 value
Fame.dat	fame_u16_slot	261	0000020A	2	0000	0	fame id 1..500 raw u16 value
Fame.dat	fame_u16_slot	262	0000020C	2	0000	0	fame id 1..500 raw u16 value
Fame.dat	fame_u16_slot	263	0000020E	2	0000	0	fame id 1..500 raw u16 value
Fame.dat	fame_u16_slot	264	00000210	2	0000	0	fame id 1..500 raw u16 value
Fame.dat	fame_u16_slot	265	00000212	2	0000	0	fame id 1..500 raw u16 value
Fame.dat	fame_u16_slot	266	00000214	2	0000	0	fame id 1..500 raw u16 value
Fame.dat	fame_u16_slot	267	00000216	2	0000	0	fame id 1..500 raw u16 value
Fame.dat	fame_u16_slot	268	00000218	2	0000	0	fame id 1..500 raw u16 value
Fame.dat	fame_u16_slot	269	0000021A	2	0000	0	fame id 1..500 raw u16 value
Fame.dat	fame_u16_slot	270	0000021C	2	0000	0	fame id 1..500 raw u16 value
Fame.dat	fame_u16_slot	271	0000021E	2	0000	0	fame id 1..500 raw u16 value
Fame.dat	fame_u16_slot	272	00000220	2	0000	0	fame id 1..500 raw u16 value
Fame.dat	fame_u16_slot	273	00000222	2	0000	0	fame id 1..500 raw u16 value
Fame.dat	fame_u16_slot	274	00000224	2	0000	0	fame id 1..500 raw u16 value
Fame.dat	fame_u16_slot	275	00000226	2	0000	0	fame id 1..500 raw u16 value
Fame.dat	fame_u16_slot	276	00000228	2	0000	0	fame id 1..500 raw u16 value
Fame.dat	fame_u16_slot	277	0000022A	2	0000	0	fame id 1..500 raw u16 value
Fame.dat	fame_u16_slot	278	0000022C	2	0000	0	fame id 1..500 raw u16 value
Fame.dat	fame_u16_slot	279	0000022E	2	0000	0	fame id 1..500 raw u16 value
Fame.dat	fame_u16_slot	280	00000230	2	0000	0	fame id 1..500 raw u16 value
Fame.dat	fame_u16_slot	281	00000232	2	0000	0	fame id 1..500 raw u16 value
Fame.dat	fame_u16_slot	282	00000234	2	0000	0	fame id 1..500 raw u16 value
Fame.dat	fame_u16_slot	283	00000236	2	0000	0	fame id 1..500 raw u16 value
Fame.dat	fame_u16_slot	284	00000238	2	0000	0	fame id 1..500 raw u16 value
Fame.dat	fame_u16_slot	285	0000023A	2	0000	0	fame id 1..500 raw u16 value
Fame.dat	fame_u16_slot	286	0000023C	2	0000	0	fame id 1..500 raw u16 value
Fame.dat	fame_u16_slot	287	0000023E	2	0000	0	fame id 1..500 raw u16 value
Fame.dat	fame_u16_slot	288	00000240	2	0000	0	fame id 1..500 raw u16 value
Fame.dat	fame_u16_slot	289	00000242	2	0000	0	fame id 1..500 raw u16 value
Fame.dat	fame_u16_slot	290	00000244	2	0000	0	fame id 1..500 raw u16 value
Fame.dat	fame_u16_slot	291	00000246	2	0000	0	fame id 1..500 raw u16 value
Fame.dat	fame_u16_slot	292	00000248	2	0000	0	fame id 1..500 raw u16 value
Fame.dat	fame_u16_slot	293	0000024A	2	0000	0	fame id 1..500 raw u16 value
Fame.dat	fame_u16_slot	294	0000024C	2	0000	0	fame id 1..500 raw u16 value
Fame.dat	fame_u16_slot	295	0000024E	2	0000	0	fame id 1..500 raw u16 value
Fame.dat	fame_u16_slot	296	00000250	2	0000	0	fame id 1..500 raw u16 value
Fame.dat	fame_u16_slot	297	00000252	2	0000	0	fame id 1..500 raw u16 value
Fame.dat	fame_u16_slot	298	00000254	2	0000	0	fame id 1..500 raw u16 value
Fame.dat	fame_u16_slot	299	00000256	2	0000	0	fame id 1..500 raw u16 value
Fame.dat	fame_u16_slot	300	00000258	2	0000	0	fame id 1..500 raw u16 value
Fame.dat	fame_u16_slot	301	0000025A	2	0000	0	fame id 1..500 raw u16 value
Fame.dat	fame_u16_slot	302	0000025C	2	0000	0	fame id 1..500 raw u16 value
Fame.dat	fame_u16_slot	303	0000025E	2	0000	0	fame id 1..500 raw u16 value
Fame.dat	fame_u16_slot	304	00000260	2	0000	0	fame id 1..500 raw u16 value
Fame.dat	fame_u16_slot	305	00000262	2	0000	0	fame id 1..500 raw u16 value
Fame.dat	fame_u16_slot	306	00000264	2	0000	0	fame id 1..500 raw u16 value
Fame.dat	fame_u16_slot	307	00000266	2	0000	0	fame id 1..500 raw u16 value
Fame.dat	fame_u16_slot	308	00000268	2	0000	0	fame id 1..500 raw u16 value
Fame.dat	fame_u16_slot	309	0000026A	2	0000	0	fame id 1..500 raw u16 value
Fame.dat	fame_u16_slot	310	0000026C	2	0000	0	fame id 1..500 raw u16 value
Fame.dat	fame_u16_slot	311	0000026E	2	0000	0	fame id 1..500 raw u16 value
Fame.dat	fame_u16_slot	312	00000270	2	0000	0	fame id 1..500 raw u16 value
Fame.dat	fame_u16_slot	313	00000272	2	0000	0	fame id 1..500 raw u16 value
Fame.dat	fame_u16_slot	314	00000274	2	0000	0	fame id 1..500 raw u16 value
Fame.dat	fame_u16_slot	315	00000276	2	0000	0	fame id 1..500 raw u16 value
Fame.dat	fame_u16_slot	316	00000278	2	0000	0	fame id 1..500 raw u16 value
Fame.dat	fame_u16_slot	317	0000027A	2	0000	0	fame id 1..500 raw u16 value
Fame.dat	fame_u16_slot	318	0000027C	2	0000	0	fame id 1..500 raw u16 value
Fame.dat	fame_u16_slot	319	0000027E	2	0000	0	fame id 1..500 raw u16 value
Fame.dat	fame_u16_slot	320	00000280	2	0000	0	fame id 1..500 raw u16 value
Fame.dat	fame_u16_slot	321	00000282	2	0000	0	fame id 1..500 raw u16 value
Fame.dat	fame_u16_slot	322	00000284	2	0000	0	fame id 1..500 raw u16 value
Fame.dat	fame_u16_slot	323	00000286	2	0000	0	fame id 1..500 raw u16 value
Fame.dat	fame_u16_slot	324	00000288	2	0000	0	fame id 1..500 raw u16 value
Fame.dat	fame_u16_slot	325	0000028A	2	0000	0	fame id 1..500 raw u16 value
Fame.dat	fame_u16_slot	326	0000028C	2	0000	0	fame id 1..500 raw u16 value
Fame.dat	fame_u16_slot	327	0000028E	2	0000	0	fame id 1..500 raw u16 value
Fame.dat	fame_u16_slot	328	00000290	2	0000	0	fame id 1..500 raw u16 value
Fame.dat	fame_u16_slot	329	00000292	2	0000	0	fame id 1..500 raw u16 value
Fame.dat	fame_u16_slot	330	00000294	2	0000	0	fame id 1..500 raw u16 value
Fame.dat	fame_u16_slot	331	00000296	2	0000	0	fame id 1..500 raw u16 value
Fame.dat	fame_u16_slot	332	00000298	2	0000	0	fame id 1..500 raw u16 value
Fame.dat	fame_u16_slot	333	0000029A	2	0000	0	fame id 1..500 raw u16 value
Fame.dat	fame_u16_slot	334	0000029C	2	0000	0	fame id 1..500 raw u16 value
Fame.dat	fame_u16_slot	335	0000029E	2	0000	0	fame id 1..500 raw u16 value
Fame.dat	fame_u16_slot	336	000002A0	2	0000	0	fame id 1..500 raw u16 value
Fame.dat	fame_u16_slot	337	000002A2	2	0000	0	fame id 1..500 raw u16 value
Fame.dat	fame_u16_slot	338	000002A4	2	0000	0	fame id 1..500 raw u16 value
Fame.dat	fame_u16_slot	339	000002A6	2	0000	0	fame id 1..500 raw u16 value
Fame.dat	fame_u16_slot	340	000002A8	2	0000	0	fame id 1..500 raw u16 value
Fame.dat	fame_u16_slot	341	000002AA	2	0000	0	fame id 1..500 raw u16 value
Fame.dat	fame_u16_slot	342	000002AC	2	0000	0	fame id 1..500 raw u16 value
Fame.dat	fame_u16_slot	343	000002AE	2	0000	0	fame id 1..500 raw u16 value
Fame.dat	fame_u16_slot	344	000002B0	2	0000	0	fame id 1..500 raw u16 value
Fame.dat	fame_u16_slot	345	000002B2	2	0000	0	fame id 1..500 raw u16 value
Fame.dat	fame_u16_slot	346	000002B4	2	0000	0	fame id 1..500 raw u16 value
Fame.dat	fame_u16_slot	347	000002B6	2	0000	0	fame id 1..500 raw u16 value
Fame.dat	fame_u16_slot	348	000002B8	2	0000	0	fame id 1..500 raw u16 value
Fame.dat	fame_u16_slot	349	000002BA	2	0000	0	fame id 1..500 raw u16 value
Fame.dat	fame_u16_slot	350	000002BC	2	0000	0	fame id 1..500 raw u16 value
Fame.dat	fame_u16_slot	351	000002BE	2	0000	0	fame id 1..500 raw u16 value
Fame.dat	fame_u16_slot	352	000002C0	2	0000	0	fame id 1..500 raw u16 value
Fame.dat	fame_u16_slot	353	000002C2	2	0000	0	fame id 1..500 raw u16 value
Fame.dat	fame_u16_slot	354	000002C4	2	0000	0	fame id 1..500 raw u16 value
Fame.dat	fame_u16_slot	355	000002C6	2	0000	0	fame id 1..500 raw u16 value
Fame.dat	fame_u16_slot	356	000002C8	2	0000	0	fame id 1..500 raw u16 value
Fame.dat	fame_u16_slot	357	000002CA	2	0000	0	fame id 1..500 raw u16 value
Fame.dat	fame_u16_slot	358	000002CC	2	0000	0	fame id 1..500 raw u16 value
Fame.dat	fame_u16_slot	359	000002CE	2	0000	0	fame id 1..500 raw u16 value
Fame.dat	fame_u16_slot	360	000002D0	2	0000	0	fame id 1..500 raw u16 value
Fame.dat	fame_u16_slot	361	000002D2	2	0000	0	fame id 1..500 raw u16 value
Fame.dat	fame_u16_slot	362	000002D4	2	0000	0	fame id 1..500 raw u16 value
Fame.dat	fame_u16_slot	363	000002D6	2	0000	0	fame id 1..500 raw u16 value
Fame.dat	fame_u16_slot	364	000002D8	2	0000	0	fame id 1..500 raw u16 value
Fame.dat	fame_u16_slot	365	000002DA	2	0000	0	fame id 1..500 raw u16 value
Fame.dat	fame_u16_slot	366	000002DC	2	0000	0	fame id 1..500 raw u16 value
Fame.dat	fame_u16_slot	367	000002DE	2	0000	0	fame id 1..500 raw u16 value
Fame.dat	fame_u16_slot	368	000002E0	2	0000	0	fame id 1..500 raw u16 value
Fame.dat	fame_u16_slot	369	000002E2	2	0000	0	fame id 1..500 raw u16 value
Fame.dat	fame_u16_slot	370	000002E4	2	0000	0	fame id 1..500 raw u16 value
Fame.dat	fame_u16_slot	371	000002E6	2	0000	0	fame id 1..500 raw u16 value
Fame.dat	fame_u16_slot	372	000002E8	2	0000	0	fame id 1..500 raw u16 value
Fame.dat	fame_u16_slot	373	000002EA	2	0000	0	fame id 1..500 raw u16 value
Fame.dat	fame_u16_slot	374	000002EC	2	0000	0	fame id 1..500 raw u16 value
Fame.dat	fame_u16_slot	375	000002EE	2	0000	0	fame id 1..500 raw u16 value
Fame.dat	fame_u16_slot	376	000002F0	2	0000	0	fame id 1..500 raw u16 value
Fame.dat	fame_u16_slot	377	000002F2	2	0000	0	fame id 1..500 raw u16 value
Fame.dat	fame_u16_slot	378	000002F4	2	0000	0	fame id 1..500 raw u16 value
Fame.dat	fame_u16_slot	379	000002F6	2	0000	0	fame id 1..500 raw u16 value
Fame.dat	fame_u16_slot	380	000002F8	2	0000	0	fame id 1..500 raw u16 value
Fame.dat	fame_u16_slot	381	000002FA	2	0000	0	fame id 1..500 raw u16 value
Fame.dat	fame_u16_slot	382	000002FC	2	0000	0	fame id 1..500 raw u16 value
Fame.dat	fame_u16_slot	383	000002FE	2	0000	0	fame id 1..500 raw u16 value
Fame.dat	fame_u16_slot	384	00000300	2	0000	0	fame id 1..500 raw u16 value
Fame.dat	fame_u16_slot	385	00000302	2	0000	0	fame id 1..500 raw u16 value
Fame.dat	fame_u16_slot	386	00000304	2	0000	0	fame id 1..500 raw u16 value
Fame.dat	fame_u16_slot	387	00000306	2	0000	0	fame id 1..500 raw u16 value
Fame.dat	fame_u16_slot	388	00000308	2	0000	0	fame id 1..500 raw u16 value
Fame.dat	fame_u16_slot	389	0000030A	2	0000	0	fame id 1..500 raw u16 value
Fame.dat	fame_u16_slot	390	0000030C	2	0000	0	fame id 1..500 raw u16 value
Fame.dat	fame_u16_slot	391	0000030E	2	0000	0	fame id 1..500 raw u16 value
Fame.dat	fame_u16_slot	392	00000310	2	0000	0	fame id 1..500 raw u16 value
Fame.dat	fame_u16_slot	393	00000312	2	0000	0	fame id 1..500 raw u16 value
Fame.dat	fame_u16_slot	394	00000314	2	0000	0	fame id 1..500 raw u16 value
Fame.dat	fame_u16_slot	395	00000316	2	0000	0	fame id 1..500 raw u16 value
Fame.dat	fame_u16_slot	396	00000318	2	0000	0	fame id 1..500 raw u16 value
Fame.dat	fame_u16_slot	397	0000031A	2	0000	0	fame id 1..500 raw u16 value
Fame.dat	fame_u16_slot	398	0000031C	2	0000	0	fame id 1..500 raw u16 value
Fame.dat	fame_u16_slot	399	0000031E	2	0000	0	fame id 1..500 raw u16 value
Fame.dat	fame_u16_slot	400	00000320	2	0001	1	fame id 1..500 raw u16 value
Fame.dat	fame_u16_slot	401	00000322	2	0000	0	fame id 1..500 raw u16 value
Fame.dat	fame_u16_slot	402	00000324	2	0000	0	fame id 1..500 raw u16 value
Fame.dat	fame_u16_slot	403	00000326	2	0000	0	fame id 1..500 raw u16 value
Fame.dat	fame_u16_slot	404	00000328	2	0000	0	fame id 1..500 raw u16 value
Fame.dat	fame_u16_slot	405	0000032A	2	0000	0	fame id 1..500 raw u16 value
Fame.dat	fame_u16_slot	406	0000032C	2	0000	0	fame id 1..500 raw u16 value
Fame.dat	fame_u16_slot	407	0000032E	2	0001	1	fame id 1..500 raw u16 value
Fame.dat	fame_u16_slot	408	00000330	2	0000	0	fame id 1..500 raw u16 value
Fame.dat	fame_u16_slot	409	00000332	2	0007	7	fame id 1..500 raw u16 value
Fame.dat	fame_u16_slot	410	00000334	2	0000	0	fame id 1..500 raw u16 value
Fame.dat	fame_u16_slot	411	00000336	2	0000	0	fame id 1..500 raw u16 value
Fame.dat	fame_u16_slot	412	00000338	2	0000	0	fame id 1..500 raw u16 value
Fame.dat	fame_u16_slot	413	0000033A	2	0000	0	fame id 1..500 raw u16 value
Fame.dat	fame_u16_slot	414	0000033C	2	0000	0	fame id 1..500 raw u16 value
Fame.dat	fame_u16_slot	415	0000033E	2	0000	0	fame id 1..500 raw u16 value
Fame.dat	fame_u16_slot	416	00000340	2	0000	0	fame id 1..500 raw u16 value
Fame.dat	fame_u16_slot	417	00000342	2	0000	0	fame id 1..500 raw u16 value
Fame.dat	fame_u16_slot	418	00000344	2	0000	0	fame id 1..500 raw u16 value
Fame.dat	fame_u16_slot	419	00000346	2	0000	0	fame id 1..500 raw u16 value
Fame.dat	fame_u16_slot	420	00000348	2	0000	0	fame id 1..500 raw u16 value
Fame.dat	fame_u16_slot	421	0000034A	2	0000	0	fame id 1..500 raw u16 value
Fame.dat	fame_u16_slot	422	0000034C	2	0000	0	fame id 1..500 raw u16 value
Fame.dat	fame_u16_slot	423	0000034E	2	0000	0	fame id 1..500 raw u16 value
Fame.dat	fame_u16_slot	424	00000350	2	0000	0	fame id 1..500 raw u16 value
Fame.dat	fame_u16_slot	425	00000352	2	0000	0	fame id 1..500 raw u16 value
Fame.dat	fame_u16_slot	426	00000354	2	0000	0	fame id 1..500 raw u16 value
Fame.dat	fame_u16_slot	427	00000356	2	0000	0	fame id 1..500 raw u16 value
Fame.dat	fame_u16_slot	428	00000358	2	0000	0	fame id 1..500 raw u16 value
Fame.dat	fame_u16_slot	429	0000035A	2	0000	0	fame id 1..500 raw u16 value
Fame.dat	fame_u16_slot	430	0000035C	2	0000	0	fame id 1..500 raw u16 value
Fame.dat	fame_u16_slot	431	0000035E	2	0000	0	fame id 1..500 raw u16 value
Fame.dat	fame_u16_slot	432	00000360	2	0000	0	fame id 1..500 raw u16 value
Fame.dat	fame_u16_slot	433	00000362	2	0000	0	fame id 1..500 raw u16 value
Fame.dat	fame_u16_slot	434	00000364	2	0000	0	fame id 1..500 raw u16 value
Fame.dat	fame_u16_slot	435	00000366	2	0000	0	fame id 1..500 raw u16 value
Fame.dat	fame_u16_slot	436	00000368	2	0000	0	fame id 1..500 raw u16 value
Fame.dat	fame_u16_slot	437	0000036A	2	0000	0	fame id 1..500 raw u16 value
Fame.dat	fame_u16_slot	438	0000036C	2	0000	0	fame id 1..500 raw u16 value
Fame.dat	fame_u16_slot	439	0000036E	2	0000	0	fame id 1..500 raw u16 value
Fame.dat	fame_u16_slot	440	00000370	2	0000	0	fame id 1..500 raw u16 value
Fame.dat	fame_u16_slot	441	00000372	2	0000	0	fame id 1..500 raw u16 value
Fame.dat	fame_u16_slot	442	00000374	2	0000	0	fame id 1..500 raw u16 value
Fame.dat	fame_u16_slot	443	00000376	2	0000	0	fame id 1..500 raw u16 value
Fame.dat	fame_u16_slot	444	00000378	2	0000	0	fame id 1..500 raw u16 value
Fame.dat	fame_u16_slot	445	0000037A	2	0000	0	fame id 1..500 raw u16 value
Fame.dat	fame_u16_slot	446	0000037C	2	0000	0	fame id 1..500 raw u16 value
Fame.dat	fame_u16_slot	447	0000037E	2	0000	0	fame id 1..500 raw u16 value
Fame.dat	fame_u16_slot	448	00000380	2	0000	0	fame id 1..500 raw u16 value
Fame.dat	fame_u16_slot	449	00000382	2	0000	0	fame id 1..500 raw u16 value
Fame.dat	fame_u16_slot	450	00000384	2	0000	0	fame id 1..500 raw u16 value
Fame.dat	fame_u16_slot	451	00000386	2	0000	0	fame id 1..500 raw u16 value
Fame.dat	fame_u16_slot	452	00000388	2	0000	0	fame id 1..500 raw u16 value
Fame.dat	fame_u16_slot	453	0000038A	2	0000	0	fame id 1..500 raw u16 value
Fame.dat	fame_u16_slot	454	0000038C	2	0000	0	fame id 1..500 raw u16 value
Fame.dat	fame_u16_slot	455	0000038E	2	0000	0	fame id 1..500 raw u16 value
Fame.dat	fame_u16_slot	456	00000390	2	0000	0	fame id 1..500 raw u16 value
Fame.dat	fame_u16_slot	457	00000392	2	0000	0	fame id 1..500 raw u16 value
Fame.dat	fame_u16_slot	458	00000394	2	0000	0	fame id 1..500 raw u16 value
Fame.dat	fame_u16_slot	459	00000396	2	0000	0	fame id 1..500 raw u16 value
Fame.dat	fame_u16_slot	460	00000398	2	0000	0	fame id 1..500 raw u16 value
Fame.dat	fame_u16_slot	461	0000039A	2	0000	0	fame id 1..500 raw u16 value
Fame.dat	fame_u16_slot	462	0000039C	2	0000	0	fame id 1..500 raw u16 value
Fame.dat	fame_u16_slot	463	0000039E	2	0000	0	fame id 1..500 raw u16 value
Fame.dat	fame_u16_slot	464	000003A0	2	0000	0	fame id 1..500 raw u16 value
Fame.dat	fame_u16_slot	465	000003A2	2	0000	0	fame id 1..500 raw u16 value
Fame.dat	fame_u16_slot	466	000003A4	2	0000	0	fame id 1..500 raw u16 value
Fame.dat	fame_u16_slot	467	000003A6	2	0000	0	fame id 1..500 raw u16 value
Fame.dat	fame_u16_slot	468	000003A8	2	0000	0	fame id 1..500 raw u16 value
Fame.dat	fame_u16_slot	469	000003AA	2	0000	0	fame id 1..500 raw u16 value
Fame.dat	fame_u16_slot	470	000003AC	2	0000	0	fame id 1..500 raw u16 value
Fame.dat	fame_u16_slot	471	000003AE	2	0000	0	fame id 1..500 raw u16 value
Fame.dat	fame_u16_slot	472	000003B0	2	0000	0	fame id 1..500 raw u16 value
Fame.dat	fame_u16_slot	473	000003B2	2	0000	0	fame id 1..500 raw u16 value
Fame.dat	fame_u16_slot	474	000003B4	2	0000	0	fame id 1..500 raw u16 value
Fame.dat	fame_u16_slot	475	000003B6	2	0000	0	fame id 1..500 raw u16 value
Fame.dat	fame_u16_slot	476	000003B8	2	0000	0	fame id 1..500 raw u16 value
Fame.dat	fame_u16_slot	477	000003BA	2	0000	0	fame id 1..500 raw u16 value
Fame.dat	fame_u16_slot	478	000003BC	2	0000	0	fame id 1..500 raw u16 value
Fame.dat	fame_u16_slot	479	000003BE	2	0000	0	fame id 1..500 raw u16 value
Fame.dat	fame_u16_slot	480	000003C0	2	0000	0	fame id 1..500 raw u16 value
Fame.dat	fame_u16_slot	481	000003C2	2	0000	0	fame id 1..500 raw u16 value
Fame.dat	fame_u16_slot	482	000003C4	2	0000	0	fame id 1..500 raw u16 value
Fame.dat	fame_u16_slot	483	000003C6	2	0000	0	fame id 1..500 raw u16 value
Fame.dat	fame_u16_slot	484	000003C8	2	0000	0	fame id 1..500 raw u16 value
Fame.dat	fame_u16_slot	485	000003CA	2	0000	0	fame id 1..500 raw u16 value
Fame.dat	fame_u16_slot	486	000003CC	2	0000	0	fame id 1..500 raw u16 value
Fame.dat	fame_u16_slot	487	000003CE	2	0000	0	fame id 1..500 raw u16 value
Fame.dat	fame_u16_slot	488	000003D0	2	0000	0	fame id 1..500 raw u16 value
Fame.dat	fame_u16_slot	489	000003D2	2	0000	0	fame id 1..500 raw u16 value
Fame.dat	fame_u16_slot	490	000003D4	2	0000	0	fame id 1..500 raw u16 value
Fame.dat	fame_u16_slot	491	000003D6	2	0000	0	fame id 1..500 raw u16 value
Fame.dat	fame_u16_slot	492	000003D8	2	0000	0	fame id 1..500 raw u16 value
Fame.dat	fame_u16_slot	493	000003DA	2	0000	0	fame id 1..500 raw u16 value
Fame.dat	fame_u16_slot	494	000003DC	2	0000	0	fame id 1..500 raw u16 value
Fame.dat	fame_u16_slot	495	000003DE	2	0000	0	fame id 1..500 raw u16 value
Fame.dat	fame_u16_slot	496	000003E0	2	0000	0	fame id 1..500 raw u16 value
Fame.dat	fame_u16_slot	497	000003E2	2	0000	0	fame id 1..500 raw u16 value
Fame.dat	fame_u16_slot	498	000003E4	2	0000	0	fame id 1..500 raw u16 value
Fame.dat	fame_u16_slot	499	000003E6	2	0000	0	fame id 1..500 raw u16 value
Fame.dat	fame_u16_slot	500	000003E8	2	0000	0	fame id 1..500 raw u16 value
Fame.dat	fame_u16_slot	501	000003EA	2	0000	0	outside sub_409CE0/sub_409DD0 id loop
Fame.dat	fame_u16_slot	502	000003EC	2	0000	0	outside sub_409CE0/sub_409DD0 id loop
Fame.dat	fame_u16_slot	503	000003EE	2	0000	0	outside sub_409CE0/sub_409DD0 id loop
Fame.dat	fame_u16_slot	504	000003F0	2	0000	0	outside sub_409CE0/sub_409DD0 id loop
Fame.dat	fame_u16_slot	505	000003F2	2	0000	0	outside sub_409CE0/sub_409DD0 id loop
Fame.dat	fame_u16_slot	506	000003F4	2	0000	0	outside sub_409CE0/sub_409DD0 id loop
Fame.dat	fame_u16_slot	507	000003F6	2	0000	0	outside sub_409CE0/sub_409DD0 id loop
Fame.dat	fame_u16_slot	508	000003F8	2	0000	0	outside sub_409CE0/sub_409DD0 id loop
Fame.dat	fame_u16_slot	509	000003FA	2	0000	0	outside sub_409CE0/sub_409DD0 id loop
Fame.dat	fame_u16_slot	510	000003FC	2	0000	0	outside sub_409CE0/sub_409DD0 id loop
Fame.dat	fame_u16_slot	511	000003FE	2	0000	0	outside sub_409CE0/sub_409DD0 id loop
Data/mcache.dat	cache_record	0	00000000	16	00000018 00389000 00000001 00000000	map_id=24;byte_size=3706880;use_counter=1;stored_slot=0	four u32 fields consumed and rewritten by sub_426840
Data/mcache.dat	cache_record	1	00000010	16	00000051 000AE400 00000000 00000001	map_id=81;byte_size=713728;use_counter=0;stored_slot=1	four u32 fields consumed and rewritten by sub_426840
Data/mcache.dat	cache_record	2	00000020	16	FFFFFFFF 00000000 00000002 00000002	map_id=-1;byte_size=0;use_counter=2;stored_slot=2	four u32 fields consumed and rewritten by sub_426840
Data/mcache.dat	cache_record	3	00000030	16	FFFFFFFF 00000000 00000002 00000003	map_id=-1;byte_size=0;use_counter=2;stored_slot=3	four u32 fields consumed and rewritten by sub_426840
Data/mcache.dat	cache_record	4	00000040	16	FFFFFFFF 00000000 00000002 00000004	map_id=-1;byte_size=0;use_counter=2;stored_slot=4	four u32 fields consumed and rewritten by sub_426840
Data/mcache.dat	cache_record	5	00000050	16	FFFFFFFF 00000000 00000002 00000005	map_id=-1;byte_size=0;use_counter=2;stored_slot=5	four u32 fields consumed and rewritten by sub_426840
Data/mcache.dat	cache_record	6	00000060	16	FFFFFFFF 00000000 00000002 00000006	map_id=-1;byte_size=0;use_counter=2;stored_slot=6	four u32 fields consumed and rewritten by sub_426840
Data/mcache.dat	cache_record	7	00000070	16	FFFFFFFF 00000000 00000002 00000007	map_id=-1;byte_size=0;use_counter=2;stored_slot=7	four u32 fields consumed and rewritten by sub_426840
Data/mcache.dat	cache_record	8	00000080	16	FFFFFFFF 00000000 00000002 00000008	map_id=-1;byte_size=0;use_counter=2;stored_slot=8	four u32 fields consumed and rewritten by sub_426840
Data/mcache.dat	cache_record	9	00000090	16	FFFFFFFF 00000000 00000002 00000009	map_id=-1;byte_size=0;use_counter=2;stored_slot=9	four u32 fields consumed and rewritten by sub_426840
Data/mcache.dat	cache_record	10	000000A0	16	FFFFFFFF 00000000 00000002 0000000A	map_id=-1;byte_size=0;use_counter=2;stored_slot=10	four u32 fields consumed and rewritten by sub_426840
Data/mcache.dat	cache_record	11	000000B0	16	FFFFFFFF 00000000 00000002 0000000B	map_id=-1;byte_size=0;use_counter=2;stored_slot=11	four u32 fields consumed and rewritten by sub_426840
Data/mcache.dat	cache_record	12	000000C0	16	FFFFFFFF 00000000 00000002 0000000C	map_id=-1;byte_size=0;use_counter=2;stored_slot=12	four u32 fields consumed and rewritten by sub_426840
Data/mcache.dat	cache_record	13	000000D0	16	FFFFFFFF 00000000 00000002 0000000D	map_id=-1;byte_size=0;use_counter=2;stored_slot=13	four u32 fields consumed and rewritten by sub_426840
Data/mcache.dat	cache_record	14	000000E0	16	FFFFFFFF 00000000 00000002 0000000E	map_id=-1;byte_size=0;use_counter=2;stored_slot=14	four u32 fields consumed and rewritten by sub_426840
Data/mcache.dat	cache_record	15	000000F0	16	FFFFFFFF 00000000 00000002 0000000F	map_id=-1;byte_size=0;use_counter=2;stored_slot=15	four u32 fields consumed and rewritten by sub_426840
Data/mcache.dat	cache_record	16	00000100	16	FFFFFFFF 00000000 00000002 00000010	map_id=-1;byte_size=0;use_counter=2;stored_slot=16	four u32 fields consumed and rewritten by sub_426840
Data/mcache.dat	cache_record	17	00000110	16	FFFFFFFF 00000000 00000002 00000011	map_id=-1;byte_size=0;use_counter=2;stored_slot=17	four u32 fields consumed and rewritten by sub_426840
Data/mcache.dat	cache_record	18	00000120	16	FFFFFFFF 00000000 00000002 00000012	map_id=-1;byte_size=0;use_counter=2;stored_slot=18	four u32 fields consumed and rewritten by sub_426840
Data/mcache.dat	cache_record	19	00000130	16	FFFFFFFF 00000000 00000002 00000013	map_id=-1;byte_size=0;use_counter=2;stored_slot=19	four u32 fields consumed and rewritten by sub_426840
Data/mcache.dat	cache_record	20	00000140	16	FFFFFFFF 00000000 00000002 00000014	map_id=-1;byte_size=0;use_counter=2;stored_slot=20	four u32 fields consumed and rewritten by sub_426840
Data/mcache.dat	cache_record	21	00000150	16	FFFFFFFF 00000000 00000002 00000015	map_id=-1;byte_size=0;use_counter=2;stored_slot=21	four u32 fields consumed and rewritten by sub_426840
Data/mcache.dat	cache_record	22	00000160	16	FFFFFFFF 00000000 00000002 00000016	map_id=-1;byte_size=0;use_counter=2;stored_slot=22	four u32 fields consumed and rewritten by sub_426840
Data/mcache.dat	cache_record	23	00000170	16	FFFFFFFF 00000000 00000002 00000017	map_id=-1;byte_size=0;use_counter=2;stored_slot=23	four u32 fields consumed and rewritten by sub_426840
swd3_dvd.dat	presence_marker	whole_file	00000000	384	21d50c950c93e82e9619eaef1e1d7d27ad20dc77266bde4565ffc0afe2e82351		sub_4118B0 tests path existence and never reads file contents
