address	ida_name	export_status	exported_file	fallback_or_skip_reason	ida_called_by_count	ida_call_count
0x00401010	unknown_libname_1	skipped		library function	0	0
0x00401050	unknown_libname_3	skipped		library function	0	0
0x00401090	unknown_libname_5	skipped		library function	0	0
0x004010D0	unknown_libname_7	skipped		library function	0	0
0x00401110	unknown_libname_9	skipped		library function	0	0
0x00401150	unknown_libname_11	skipped		library function	0	0
0x00401190	sub_401190	decompile	decompile/401190.c		0	1
0x004011C0	unknown_libname_13	skipped		library function	0	0
0x004011D0	sub_4011D0	decompile	decompile/4011D0.c		0	1
0x004011E0	unknown_libname_14	skipped		library function	0	0
0x00401200	unknown_libname_15	skipped		library function	0	0
0x00401210	sub_401210	decompile	decompile/401210.c		0	1
0x00401220	unknown_libname_16	skipped		library function	0	0
0x00401240	unknown_libname_17	skipped		library function	0	0
0x00401250	sub_401250	decompile	decompile/401250.c		0	1
0x00401260	unknown_libname_18	skipped		library function	0	0
0x00401280	unknown_libname_19	skipped		library function	0	0
0x00401290	sub_401290	decompile	decompile/401290.c		0	1
0x004012A0	unknown_libname_20	skipped		library function	0	0
0x004012C0	unknown_libname_21	skipped		library function	0	0
0x004012D0	sub_4012D0	decompile	decompile/4012D0.c		0	1
0x004012E0	unknown_libname_22	skipped		library function	0	0
0x00401300	unknown_libname_23	skipped		library function	0	0
0x00401310	sub_401310	decompile	decompile/401310.c		0	1
0x00401320	unknown_libname_24	skipped		library function	0	0
0x00401340	unknown_libname_25	skipped		library function	0	0
0x00401350	sub_401350	decompile	decompile/401350.c		0	1
0x00401360	unknown_libname_26	skipped		library function	0	0
0x00401380	unknown_libname_27	skipped		library function	0	0
0x00401390	sub_401390	decompile	decompile/401390.c		0	1
0x004013A0	unknown_libname_28	skipped		library function	0	0
0x004013C0	unknown_libname_29	skipped		library function	0	0
0x004013D0	sub_4013D0	decompile	decompile/4013D0.c		0	1
0x004013E0	unknown_libname_30	skipped		library function	0	0
0x00401400	unknown_libname_31	skipped		library function	0	0
0x00401410	sub_401410	decompile	decompile/401410.c		0	1
0x00401420	unknown_libname_32	skipped		library function	0	0
0x00401440	unknown_libname_33	skipped		library function	0	0
0x00401450	sub_401450	decompile	decompile/401450.c		0	1
0x00401460	unknown_libname_34	skipped		library function	0	0
0x00401480	unknown_libname_35	skipped		library function	0	0
0x00401490	j_unknown_libname_36	decompile	decompile/401490.c		0	0
0x004014A0	unknown_libname_36	skipped		library function	0	0
0x004014B0	sub_4014B0	decompile	decompile/4014B0.c		0	1
0x004014C0	unknown_libname_37	skipped		library function	0	0
0x004014E0	unknown_libname_38	skipped		library function	0	0
0x004014F0	sub_4014F0	decompile	decompile/4014F0.c		1	2
0x004019A0	sub_4019A0	decompile	decompile/4019A0.c		4	1
0x00401B70	sub_401B70	decompile	decompile/401B70.c		3	1
0x00401C70	sub_401C70	decompile	decompile/401C70.c		3	4
0x00401E50	sub_401E50	decompile	decompile/401E50.c		1	3
0x00402030	sub_402030	decompile	decompile/402030.c		1	1
0x004020C0	sub_4020C0	decompile	decompile/4020C0.c		1	1
0x00402120	sub_402120	decompile	decompile/402120.c		2	1
0x004021A0	sub_4021A0	decompile	decompile/4021A0.c		1	0
0x004021D0	sub_4021D0	decompile	decompile/4021D0.c		4	1
0x00402200	sub_402200	decompile	decompile/402200.c		4	2
0x00402230	sub_402230	decompile	decompile/402230.c		4	5
0x00402390	sub_402390	decompile	decompile/402390.c		1	0
0x004023C0	sub_4023C0	decompile	decompile/4023C0.c		3	0
0x004023E0	sub_4023E0	decompile	decompile/4023E0.c		1	0
0x00402410	sub_402410	decompile	decompile/402410.c		2	1
0x00402450	sub_402450	decompile	decompile/402450.c		1	4
0x00402520	sub_402520	decompile	decompile/402520.c		1	1
0x00402560	sub_402560	decompile	decompile/402560.c		1	2
0x00402690	sub_402690	decompile	decompile/402690.c		1	6
0x00402940	sub_402940	decompile	decompile/402940.c		1	0
0x00402960	sub_402960	decompile	decompile/402960.c		1	0
0x00402980	sub_402980	decompile	decompile/402980.c		1	0
0x004029C0	sub_4029C0	decompile	decompile/4029C0.c		1	2
0x00402A90	sub_402A90	decompile	decompile/402A90.c		1	1
0x00402AC0	sub_402AC0	decompile	decompile/402AC0.c		1	1
0x00402AE0	sub_402AE0	decompile	decompile/402AE0.c		1	0
0x00402F70	sub_402F70	decompile	decompile/402F70.c		2	0
0x00402F80	sub_402F80	disassembly-fallback	disassembly/402F80.asm	decompile returned None	1	30
0x004040B0	sub_4040B0	decompile	decompile/4040B0.c		1	2
0x00404510	sub_404510	decompile	decompile/404510.c		1	0
0x00404610	sub_404610	decompile	decompile/404610.c		1	1
0x00404C00	sub_404C00	decompile	decompile/404C00.c		1	1
0x00404FD0	sub_404FD0	decompile	decompile/404FD0.c		2	0
0x004050B0	sub_4050B0	decompile	decompile/4050B0.c		1	1
0x004050E0	sub_4050E0	decompile	decompile/4050E0.c		1	5
0x004053C0	sub_4053C0	decompile	decompile/4053C0.c		1	0
0x00405430	sub_405430	decompile	decompile/405430.c		1	5
0x00405500	sub_405500	decompile	decompile/405500.c		1	17
0x00406390	sub_406390	decompile	decompile/406390.c		1	5
0x00406580	sub_406580	decompile	decompile/406580.c		1	4
0x00406710	sub_406710	decompile	decompile/406710.c		1	0
0x00406770	sub_406770	decompile	decompile/406770.c		1	5
0x00406960	sub_406960	decompile	decompile/406960.c		1	12
0x00406D30	sub_406D30	decompile	decompile/406D30.c		8	4
0x00406E00	sub_406E00	decompile	decompile/406E00.c		1	1
0x00406E30	sub_406E30	decompile	decompile/406E30.c		1	3
0x00406EB0	sub_406EB0	decompile	decompile/406EB0.c		1	2
0x00406F70	sub_406F70	decompile	decompile/406F70.c		1	3
0x004070A0	sub_4070A0	decompile	decompile/4070A0.c		1	57
0x00408CF0	sub_408CF0	decompile	decompile/408CF0.c		3	5
0x00408D70	sub_408D70	decompile	decompile/408D70.c		1	3
0x00408E70	sub_408E70	decompile	decompile/408E70.c		1	11
0x004094A0	sub_4094A0	decompile	decompile/4094A0.c		1	6
0x00409540	sub_409540	decompile	decompile/409540.c		2	4
0x00409600	sub_409600	decompile	decompile/409600.c		3	12
0x004099C0	sub_4099C0	decompile	decompile/4099C0.c		5	1
0x00409A10	sub_409A10	decompile	decompile/409A10.c		1	10
0x00409B80	sub_409B80	decompile	decompile/409B80.c		3	1
0x00409C10	sub_409C10	decompile	decompile/409C10.c		1	6
0x00409CE0	sub_409CE0	decompile	decompile/409CE0.c		1	8
0x00409DD0	sub_409DD0	decompile	decompile/409DD0.c		2	9
0x00409EC0	_WinMain@16	decompile	decompile/409EC0.c		1	9
0x0040A0D0	sub_40A0D0	decompile	decompile/40A0D0.c		1	23
0x0040A570	sub_40A570	decompile	decompile/40A570.c		1	38
0x0040AB50	sub_40AB50	decompile	decompile/40AB50.c		1	13
0x0040AD10	sub_40AD10	decompile	decompile/40AD10.c		1	8
0x0040AE20	sub_40AE20	decompile	decompile/40AE20.c		10	0
0x0040AEC0	sub_40AEC0	decompile	decompile/40AEC0.c		8	0
0x0040AF70	sub_40AF70	decompile	decompile/40AF70.c		1	4
0x0040AFF0	sub_40AFF0	decompile	decompile/40AFF0.c		3	6
0x0040B7F0	sub_40B7F0	decompile	decompile/40B7F0.c		1	5
0x0040BAA0	sub_40BAA0	decompile	decompile/40BAA0.c		3	1
0x0040BB20	sub_40BB20	decompile	decompile/40BB20.c		3	0
0x0040BB50	sub_40BB50	decompile	decompile/40BB50.c		6	0
0x0040C020	sub_40C020	decompile	decompile/40C020.c		3	0
0x0040C060	sub_40C060	decompile	decompile/40C060.c		6	0
0x0040C0D0	sub_40C0D0	decompile	decompile/40C0D0.c		6	1
0x0040C100	sub_40C100	decompile	decompile/40C100.c		2	1
0x0040C130	sub_40C130	decompile	decompile/40C130.c		3	41
0x0040CDD0	sub_40CDD0	decompile	decompile/40CDD0.c		1	5
0x0040CF10	sub_40CF10	decompile	decompile/40CF10.c		4	4
0x0040CF40	sub_40CF40	decompile	decompile/40CF40.c		1	4
0x0040D060	sub_40D060	decompile	decompile/40D060.c		1	0
0x0040D0C0	sub_40D0C0	decompile	decompile/40D0C0.c		4	0
0x0040D160	sub_40D160	decompile	decompile/40D160.c		1	0
0x0040D200	sub_40D200	decompile	decompile/40D200.c		2	3
0x0040D3C0	sub_40D3C0	decompile	decompile/40D3C0.c		1	2
0x0040D460	sub_40D460	decompile	decompile/40D460.c		6	1
0x0040D560	sub_40D560	decompile	decompile/40D560.c		4	1
0x0040D610	sub_40D610	decompile	decompile/40D610.c		2	4
0x0040D790	sub_40D790	decompile	decompile/40D790.c		1	8
0x0040D9E0	sub_40D9E0	decompile	decompile/40D9E0.c		1	1
0x0040DA60	sub_40DA60	decompile	decompile/40DA60.c		1	1
0x0040DB40	sub_40DB40	decompile	decompile/40DB40.c		2	0
0x0040DB60	sub_40DB60	decompile	decompile/40DB60.c		2	0
0x0040DBC0	sub_40DBC0	decompile	decompile/40DBC0.c		6	1
0x0040DC00	sub_40DC00	decompile	decompile/40DC00.c		14	0
0x0040DC30	sub_40DC30	decompile	decompile/40DC30.c		3	0
0x0040DC50	sub_40DC50	decompile	decompile/40DC50.c		72	0
0x0040DC80	sub_40DC80	decompile	decompile/40DC80.c		19	0
0x0040DCB0	sub_40DCB0	decompile	decompile/40DCB0.c		19	0
0x0040DCE0	sub_40DCE0	decompile	decompile/40DCE0.c		1	2
0x0040DD10	sub_40DD10	decompile	decompile/40DD10.c		2	0
0x0040DD20	sub_40DD20	decompile	decompile/40DD20.c		5	0
0x0040DD30	sub_40DD30	decompile	decompile/40DD30.c		5	0
0x0040DD40	sub_40DD40	decompile	decompile/40DD40.c		9	0
0x0040DD60	sub_40DD60	decompile	decompile/40DD60.c		1	0
0x0040DE50	sub_40DE50	decompile	decompile/40DE50.c		1	1
0x0040E030	sub_40E030	decompile	decompile/40E030.c		2	2
0x0040E080	sub_40E080	decompile	decompile/40E080.c		1	0
0x0040E0B0	sub_40E0B0	decompile	decompile/40E0B0.c		2	13
0x0040EB60	sub_40EB60	decompile	decompile/40EB60.c		2	1
0x0040EBF0	sub_40EBF0	decompile	decompile/40EBF0.c		19	4
0x0040EC80	sub_40EC80	decompile	decompile/40EC80.c		1	2
0x0040ECC0	sub_40ECC0	decompile	decompile/40ECC0.c		1	4
0x0040ED60	sub_40ED60	decompile	decompile/40ED60.c		3	10
0x0040EFD0	sub_40EFD0	decompile	decompile/40EFD0.c		2	0
0x0040F040	sub_40F040	decompile	decompile/40F040.c		1	4
0x0040F160	sub_40F160	decompile	decompile/40F160.c		1	10
0x0040F280	sub_40F280	decompile	decompile/40F280.c		3	3
0x0040F340	sub_40F340	decompile	decompile/40F340.c		3	7
0x0040F3B0	sub_40F3B0	decompile	decompile/40F3B0.c		2	2
0x0040F410	sub_40F410	decompile	decompile/40F410.c		1	1
0x0040F500	sub_40F500	decompile	decompile/40F500.c		5	1
0x0040F540	sub_40F540	decompile	decompile/40F540.c		4	1
0x0040F570	sub_40F570	decompile	decompile/40F570.c		5	1
0x0040F5A0	sub_40F5A0	decompile	decompile/40F5A0.c		4	1
0x0040F5E0	sub_40F5E0	decompile	decompile/40F5E0.c		4	1
0x0040F630	sub_40F630	decompile	decompile/40F630.c		3	1
0x0040F670	sub_40F670	decompile	decompile/40F670.c		3	0
0x0040F690	sub_40F690	decompile	decompile/40F690.c		1	2
0x0040F6D0	sub_40F6D0	decompile	decompile/40F6D0.c		1	4
0x0040F890	DialogFunc	decompile	decompile/40F890.c		1	14
0x004103C0	sub_4103C0	decompile	decompile/4103C0.c		1	0
0x00410490	sub_410490	decompile	decompile/410490.c		1	2
0x00410600	sub_410600	decompile	decompile/410600.c		1	2
0x00410730	sub_410730	decompile	decompile/410730.c		1	5
0x00411030	sub_411030	decompile	decompile/411030.c		2	1
0x004112B0	sub_4112B0	decompile	decompile/4112B0.c		2	0
0x00411490	sub_411490	decompile	decompile/411490.c		5	0
0x00411530	sub_411530	decompile	decompile/411530.c		9	2
0x00411620	sub_411620	decompile	decompile/411620.c		1	2
0x00411700	sub_411700	decompile	decompile/411700.c		1	10
0x004117F0	sub_4117F0	decompile	decompile/4117F0.c		4	2
0x004118B0	sub_4118B0	decompile	decompile/4118B0.c		3	13
0x00411C90	sub_411C90	decompile	decompile/411C90.c		1	3
0x00411D00	sub_411D00	decompile	decompile/411D00.c		1	7
0x00411D90	sub_411D90	decompile	decompile/411D90.c		2	2
0x00411E20	sub_411E20	decompile	decompile/411E20.c		3	1
0x00411F00	sub_411F00	decompile	decompile/411F00.c		3	0
0x00411F90	sub_411F90	decompile	decompile/411F90.c		20	0
0x00411FA0	sub_411FA0	decompile	decompile/411FA0.c		1	6
0x00412050	sub_412050	decompile	decompile/412050.c		1	0
0x004120B0	sub_4120B0	decompile	decompile/4120B0.c		1	18
0x00412930	sub_412930	decompile	decompile/412930.c		4	26
0x00412BE0	sub_412BE0	decompile	decompile/412BE0.c		3	3
0x00412D30	sub_412D30	decompile	decompile/412D30.c		1	5
0x00413220	sub_413220	decompile	decompile/413220.c		1	3
0x00413370	sub_413370	decompile	decompile/413370.c		1	5
0x00413870	sub_413870	decompile	decompile/413870.c		1	2
0x00413910	sub_413910	decompile	decompile/413910.c		1	7
0x00413CA0	sub_413CA0	decompile	decompile/413CA0.c		1	6
0x00413EA0	sub_413EA0	decompile	decompile/413EA0.c		1	1
0x00413F00	sub_413F00	decompile	decompile/413F00.c		1	2
0x00413FE0	sub_413FE0	decompile	decompile/413FE0.c		1	6
0x00414570	sub_414570	decompile	decompile/414570.c		1	0
0x004145F0	sub_4145F0	decompile	decompile/4145F0.c		1	1
0x004146F0	sub_4146F0	decompile	decompile/4146F0.c		1	2
0x004147E0	sub_4147E0	decompile	decompile/4147E0.c		1	6
0x004148F0	sub_4148F0	decompile	decompile/4148F0.c		1	0
0x004149B0	sub_4149B0	decompile	decompile/4149B0.c		3	6
0x00414B60	sub_414B60	decompile	decompile/414B60.c		1	6
0x00414CE0	sub_414CE0	decompile	decompile/414CE0.c		2	5
0x00414E50	sub_414E50	decompile	decompile/414E50.c		2	3
0x004151F0	sub_4151F0	decompile	decompile/4151F0.c		1	3
0x004153D0	sub_4153D0	decompile	decompile/4153D0.c		2	5
0x004154A0	sub_4154A0	decompile	decompile/4154A0.c		1	7
0x004157D0	sub_4157D0	decompile	decompile/4157D0.c		1	1
0x004158C0	sub_4158C0	decompile	decompile/4158C0.c		2	8
0x00415B70	sub_415B70	decompile	decompile/415B70.c		1	5
0x00415EE0	sub_415EE0	decompile	decompile/415EE0.c		1	7
0x004161C0	sub_4161C0	decompile	decompile/4161C0.c		1	5
0x004163C0	sub_4163C0	decompile	decompile/4163C0.c		1	2
0x00416590	sub_416590	decompile	decompile/416590.c		1	4
0x004167B0	sub_4167B0	decompile	decompile/4167B0.c		1	4
0x00416B30	sub_416B30	decompile	decompile/416B30.c		1	5
0x00416CC0	sub_416CC0	decompile	decompile/416CC0.c		1	5
0x00416D30	sub_416D30	decompile	decompile/416D30.c		2	2
0x00416D90	sub_416D90	decompile	decompile/416D90.c		1	0
0x00416F10	sub_416F10	decompile	decompile/416F10.c		14	0
0x00416F60	sub_416F60	decompile	decompile/416F60.c		14	0
0x00416F80	sub_416F80	decompile	decompile/416F80.c		2	0
0x00416FF0	sub_416FF0	decompile	decompile/416FF0.c		15	0
0x00417050	sub_417050	decompile	decompile/417050.c		3	1
0x004170E0	sub_4170E0	decompile	decompile/4170E0.c		101	0
0x004174D0	sub_4174D0	decompile	decompile/4174D0.c		2	0
0x00417530	sub_417530	decompile	decompile/417530.c		2	0
0x004175B0	sub_4175B0	decompile	decompile/4175B0.c		2	0
0x00417650	sub_417650	decompile	decompile/417650.c		2	0
0x004176D0	sub_4176D0	decompile	decompile/4176D0.c		1	0
0x004177D0	sub_4177D0	decompile	decompile/4177D0.c		1	0
0x00417840	sub_417840	decompile	decompile/417840.c		1	0
0x00417950	sub_417950	decompile	decompile/417950.c		1	0
0x00417DE0	sub_417DE0	decompile	decompile/417DE0.c		3	0
0x00417E40	sub_417E40	decompile	decompile/417E40.c		1	0
0x00417EC0	sub_417EC0	decompile	decompile/417EC0.c		1	0
0x00418350	sub_418350	decompile	decompile/418350.c		1	0
0x004185C0	sub_4185C0	decompile	decompile/4185C0.c		1	0
0x00418840	sub_418840	decompile	decompile/418840.c		1	0
0x00418EB0	sub_418EB0	decompile	decompile/418EB0.c		1	0
0x00419570	sub_419570	decompile	decompile/419570.c		1	0
0x0041A3B0	sub_41A3B0	decompile	decompile/41A3B0.c		1	0
0x0041B280	sub_41B280	decompile	decompile/41B280.c		1	0
0x0041B620	sub_41B620	decompile	decompile/41B620.c		1	0
0x0041B9F0	sub_41B9F0	decompile	decompile/41B9F0.c		1	0
0x0041CCF0	sub_41CCF0	decompile	decompile/41CCF0.c		1	0
0x0041D010	sub_41D010	decompile	decompile/41D010.c		1	0
0x0041D340	sub_41D340	decompile	decompile/41D340.c		1	0
0x0041E5C0	sub_41E5C0	decompile	decompile/41E5C0.c		1	0
0x0041F8D0	sub_41F8D0	decompile	decompile/41F8D0.c		1	0
0x0041FEA0	sub_41FEA0	decompile	decompile/41FEA0.c		1	0
0x00420490	sub_420490	decompile	decompile/420490.c		15	0
0x00420560	sub_420560	decompile	decompile/420560.c		3	0
0x00420600	sub_420600	decompile	decompile/420600.c		3	0
0x004206F0	sub_4206F0	decompile	decompile/4206F0.c		3	0
0x004207E0	sub_4207E0	decompile	decompile/4207E0.c		2	0
0x004208D0	sub_4208D0	decompile	decompile/4208D0.c		1	0
0x00420D70	sub_420D70	decompile	decompile/420D70.c		1	0
0x00421230	sub_421230	decompile	decompile/421230.c		1	0
0x00421540	sub_421540	decompile	decompile/421540.c		1	0
0x00421850	sub_421850	decompile	decompile/421850.c		1	0
0x00421BE0	sub_421BE0	decompile	decompile/421BE0.c		1	0
0x00421FB0	sub_421FB0	decompile	decompile/421FB0.c		3	0
0x00422030	sub_422030	decompile	decompile/422030.c		1	0
0x004223A0	sub_4223A0	decompile	decompile/4223A0.c		1	0
0x00422730	sub_422730	decompile	decompile/422730.c		1	0
0x004229C0	sub_4229C0	decompile	decompile/4229C0.c		1	0
0x00422C70	sub_422C70	decompile	decompile/422C70.c		2	0
0x00423020	sub_423020	decompile	decompile/423020.c		1	0
0x004233D0	sub_4233D0	decompile	decompile/4233D0.c		1	0
0x00423400	sub_423400	decompile	decompile/423400.c		1	1
0x004238B0	sub_4238B0	decompile	decompile/4238B0.c		12	1
0x004238D0	sub_4238D0	decompile	decompile/4238D0.c		2	1
0x004238F0	sub_4238F0	decompile	decompile/4238F0.c		1	0
0x00423920	sub_423920	decompile	decompile/423920.c		1	0
0x00423950	sub_423950	decompile	decompile/423950.c		1	0
0x00423990	sub_423990	decompile	decompile/423990.c		1	0
0x004239D0	sub_4239D0	decompile	decompile/4239D0.c		29	1
0x00423A10	sub_423A10	decompile	decompile/423A10.c		1	7
0x00423AF0	sub_423AF0	decompile	decompile/423AF0.c		4	13
0x00423E00	sub_423E00	decompile	decompile/423E00.c		1	9
0x00423FB0	sub_423FB0	decompile	decompile/423FB0.c		1	12
0x004242B0	sub_4242B0	decompile	decompile/4242B0.c		2	2
0x00424330	sub_424330	decompile	decompile/424330.c		1	2
0x00424390	__cfltcvt_init	skipped		library function	0	0
0x00424440	sub_424440	decompile	decompile/424440.c		1	5
0x00424910	sub_424910	decompile	decompile/424910.c		1	1
0x00424930	sub_424930	decompile	decompile/424930.c		1	0
0x00424A60	sub_424A60	decompile	decompile/424A60.c		1	0
0x00424B90	sub_424B90	decompile	decompile/424B90.c		1	25
0x00424EF0	sub_424EF0	decompile	decompile/424EF0.c		1	10
0x00425040	sub_425040	decompile	decompile/425040.c		1	7
0x00425150	sub_425150	decompile	decompile/425150.c		1	0
0x004251B0	sub_4251B0	decompile	decompile/4251B0.c		1	28
0x00425470	sub_425470	decompile	decompile/425470.c		1	0
0x00425570	sub_425570	decompile	decompile/425570.c		2	17
0x004258E0	sub_4258E0	decompile	decompile/4258E0.c		1	10
0x004259B0	sub_4259B0	decompile	decompile/4259B0.c		1	8
0x00425A70	sub_425A70	decompile	decompile/425A70.c		1	7
0x00425B40	sub_425B40	decompile	decompile/425B40.c		1	0
0x00425B50	sub_425B50	decompile	decompile/425B50.c		2	2
0x00425BE0	sub_425BE0	decompile	decompile/425BE0.c		1	24
0x004267E0	sub_4267E0	decompile	decompile/4267E0.c		1	3
0x00426820	sub_426820	decompile	decompile/426820.c		6	1
0x00426840	sub_426840	decompile	decompile/426840.c		1	16
0x00426DF0	sub_426DF0	decompile	decompile/426DF0.c		1	16
0x004270F0	sub_4270F0	decompile	decompile/4270F0.c		1	4
0x00427140	sub_427140	decompile	decompile/427140.c		1	13
0x004272C0	sub_4272C0	decompile	decompile/4272C0.c		0	1
0x004272D0	unknown_libname_39	skipped		library function	0	0
0x004272F0	unknown_libname_40	skipped		library function	0	0
0x00427300	sub_427300	decompile	decompile/427300.c		1	11
0x00427920	sub_427920	disassembly-fallback	disassembly/427920.asm	function too large (23508 bytes, limit 16384 bytes)	1	74
0x0042D920	sub_42D920	decompile	decompile/42D920.c		3	5
0x0042DAF0	sub_42DAF0	decompile	decompile/42DAF0.c		1	11
0x0042E280	sub_42E280	decompile	decompile/42E280.c		1	3
0x0042E430	sub_42E430	decompile	decompile/42E430.c		1	3
0x0042E480	sub_42E480	decompile	decompile/42E480.c		1	7
0x0042E5A0	sub_42E5A0	decompile	decompile/42E5A0.c		1	2
0x0042E740	sub_42E740	decompile	decompile/42E740.c		1	1
0x0042E790	sub_42E790	decompile	decompile/42E790.c		2	1
0x0042E850	sub_42E850	decompile	decompile/42E850.c		30	3
0x0042ED40	sub_42ED40	decompile	decompile/42ED40.c		2	21
0x00430180	sub_430180	decompile	decompile/430180.c		1	0
0x00430230	sub_430230	decompile	decompile/430230.c		1	1
0x004302F0	sub_4302F0	decompile	decompile/4302F0.c		1	2
0x00430350	sub_430350	decompile	decompile/430350.c		1	3
0x004303D0	sub_4303D0	decompile	decompile/4303D0.c		2	13
0x004306C0	sub_4306C0	decompile	decompile/4306C0.c		4	4
0x004308C0	sub_4308C0	decompile	decompile/4308C0.c		2	4
0x00430B60	sub_430B60	decompile	decompile/430B60.c		2	1
0x00430BE0	sub_430BE0	decompile	decompile/430BE0.c		3	0
0x00430C60	sub_430C60	decompile	decompile/430C60.c		4	1
0x00430CF0	sub_430CF0	decompile	decompile/430CF0.c		5	1
0x00430D10	sub_430D10	decompile	decompile/430D10.c		1	0
0x00430D50	sub_430D50	decompile	decompile/430D50.c		2	0
0x00430D80	sub_430D80	decompile	decompile/430D80.c		2	0
0x00430EB0	sub_430EB0	decompile	decompile/430EB0.c		2	0
0x00430FF0	sub_430FF0	decompile	decompile/430FF0.c		2	2
0x00431150	sub_431150	decompile	decompile/431150.c		7	0
0x004311C0	sub_4311C0	decompile	decompile/4311C0.c		5	0
0x004315C0	sub_4315C0	decompile	decompile/4315C0.c		1	0
0x004315D0	sub_4315D0	decompile	decompile/4315D0.c		87	5
0x00431760	sub_431760	decompile	decompile/431760.c		4	6
0x00431960	sub_431960	decompile	decompile/431960.c		6	2
0x00431A20	sub_431A20	decompile	decompile/431A20.c		1	1
0x00431A50	sub_431A50	decompile	decompile/431A50.c		2	0
0x00431AA0	sub_431AA0	decompile	decompile/431AA0.c		2	1
0x00431C50	sub_431C50	decompile	decompile/431C50.c		1	6
0x00431DF0	sub_431DF0	decompile	decompile/431DF0.c		2	0
0x00431EA0	sub_431EA0	decompile	decompile/431EA0.c		1	1
0x00431F80	sub_431F80	decompile	decompile/431F80.c		1	1
0x00432010	sub_432010	decompile	decompile/432010.c		1	0
0x00432020	sub_432020	decompile	decompile/432020.c		2	0
0x00432050	sub_432050	decompile	decompile/432050.c		1	1
0x004320E0	sub_4320E0	decompile	decompile/4320E0.c		2	6
0x004321E0	sub_4321E0	decompile	decompile/4321E0.c		101	2
0x00432A50	sub_432A50	decompile	decompile/432A50.c		1	4
0x00432BC0	sub_432BC0	decompile	decompile/432BC0.c		1	2
0x00432D30	sub_432D30	decompile	decompile/432D30.c		1	3
0x00432E40	sub_432E40	decompile	decompile/432E40.c		1	0
0x00432EE0	sub_432EE0	decompile	decompile/432EE0.c		1	1
0x00432FA0	sub_432FA0	decompile	decompile/432FA0.c		1	1
0x00433010	sub_433010	decompile	decompile/433010.c		5	2
0x00433080	sub_433080	decompile	decompile/433080.c		1	0
0x00433090	sub_433090	decompile	decompile/433090.c		1	1
0x00433190	sub_433190	decompile	decompile/433190.c		1	0
0x00433220	sub_433220	decompile	decompile/433220.c		1	1
0x00433270	sub_433270	decompile	decompile/433270.c		3	0
0x004332A0	sub_4332A0	decompile	decompile/4332A0.c		3	2
0x00433320	sub_433320	decompile	decompile/433320.c		1	2
0x00433380	sub_433380	decompile	decompile/433380.c		2	4
0x00433540	sub_433540	decompile	decompile/433540.c		1	5
0x00433720	sub_433720	decompile	decompile/433720.c		1	3
0x004338F0	sub_4338F0	decompile	decompile/4338F0.c		1	4
0x00433AA0	sub_433AA0	decompile	decompile/433AA0.c		1	0
0x00433BF0	sub_433BF0	decompile	decompile/433BF0.c		1	1
0x00433C40	sub_433C40	decompile	decompile/433C40.c		1	4
0x00433D70	sub_433D70	decompile	decompile/433D70.c		3	2
0x00433DC0	sub_433DC0	decompile	decompile/433DC0.c		1	4
0x00433E20	sub_433E20	decompile	decompile/433E20.c		2	2
0x00433E90	sub_433E90	decompile	decompile/433E90.c		3	2
0x00433F00	sub_433F00	decompile	decompile/433F00.c		1	1
0x00433F30	sub_433F30	decompile	decompile/433F30.c		3	2
0x00433F70	sub_433F70	decompile	decompile/433F70.c		4	2
0x004342E0	sub_4342E0	decompile	decompile/4342E0.c		3	0
0x00434350	sub_434350	decompile	decompile/434350.c		9	0
0x00434420	sub_434420	decompile	decompile/434420.c		1	0
0x004344E0	sub_4344E0	decompile	decompile/4344E0.c		1	2
0x00434790	sub_434790	decompile	decompile/434790.c		3	7
0x00434DD0	sub_434DD0	decompile	decompile/434DD0.c		1	3
0x004350E0	sub_4350E0	decompile	decompile/4350E0.c		3	2
0x00435160	sub_435160	decompile	decompile/435160.c		1	7
0x004351F0	sub_4351F0	decompile	decompile/4351F0.c		3	4
0x00435240	sub_435240	decompile	decompile/435240.c		1	3
0x004352C0	sub_4352C0	decompile	decompile/4352C0.c		2	0
0x004352E0	sub_4352E0	decompile	decompile/4352E0.c		1	1
0x004353C0	sub_4353C0	decompile	decompile/4353C0.c		2	4
0x00435410	sub_435410	decompile	decompile/435410.c		3	1
0x00435430	sub_435430	decompile	decompile/435430.c		1	2
0x004354D0	sub_4354D0	decompile	decompile/4354D0.c		3	1
0x00435500	sub_435500	decompile	decompile/435500.c		2	2
0x004355B0	sub_4355B0	decompile	decompile/4355B0.c		4	3
0x00435620	sub_435620	decompile	decompile/435620.c		4	0
0x00435650	sub_435650	decompile	decompile/435650.c		16	0
0x00435660	sub_435660	decompile	decompile/435660.c		23	0
0x00435670	sub_435670	decompile	decompile/435670.c		18	0
0x00435680	sub_435680	decompile	decompile/435680.c		2	0
0x004358C0	sub_4358C0	decompile	decompile/4358C0.c		1	0
0x00435AF0	sub_435AF0	decompile	decompile/435AF0.c		1	0
0x00435D80	sub_435D80	decompile	decompile/435D80.c		1	0
0x00436030	sub_436030	decompile	decompile/436030.c		1	1
0x00436410	sub_436410	decompile	decompile/436410.c		1	1
0x00436840	sub_436840	decompile	decompile/436840.c		1	2
0x004368D0	sub_4368D0	decompile	decompile/4368D0.c		1	2
0x00436980	sub_436980	decompile	decompile/436980.c		1	0
0x004369C0	sub_4369C0	decompile	decompile/4369C0.c		1	0
0x00436AD0	sub_436AD0	decompile	decompile/436AD0.c		50	9
0x00436EA0	sub_436EA0	decompile	decompile/436EA0.c		1	0
0x00436FA0	sub_436FA0	decompile	decompile/436FA0.c		1	0
0x00436FB0	sub_436FB0	decompile	decompile/436FB0.c		1	2
0x004372B0	sub_4372B0	decompile	decompile/4372B0.c		2	0
0x004372D0	sub_4372D0	decompile	decompile/4372D0.c		12	0
0x004372E0	sub_4372E0	decompile	decompile/4372E0.c		2	0
0x00437300	sub_437300	decompile	decompile/437300.c		5	0
0x00437310	sub_437310	decompile	decompile/437310.c		1	0
0x00437430	sub_437430	decompile	decompile/437430.c		4	0
0x004374C0	sub_4374C0	decompile	decompile/4374C0.c		1	1
0x004374E0	sub_4374E0	decompile	decompile/4374E0.c		3	0
0x00437570	sub_437570	decompile	decompile/437570.c		1	5
0x00437610	sub_437610	decompile	decompile/437610.c		1	2
0x00437680	sub_437680	decompile	decompile/437680.c		1	1
0x004376D0	sub_4376D0	decompile	decompile/4376D0.c		1	1
0x00437720	sub_437720	decompile	decompile/437720.c		1	1
0x004377D0	sub_4377D0	decompile	decompile/4377D0.c		1	4
0x00437A50	sub_437A50	decompile	decompile/437A50.c		1	0
0x00437AD0	sub_437AD0	decompile	decompile/437AD0.c		1	0
0x00437AE0	sub_437AE0	decompile	decompile/437AE0.c		1	0
0x00437B60	sub_437B60	decompile	decompile/437B60.c		6	1
0x00437C00	sub_437C00	decompile	decompile/437C00.c		2	1
0x00437C40	sub_437C40	decompile	decompile/437C40.c		1	0
0x00437C80	sub_437C80	decompile	decompile/437C80.c		1	0
0x00437D80	sub_437D80	decompile	decompile/437D80.c		1	0
0x00437DC0	sub_437DC0	decompile	decompile/437DC0.c		1	0
0x00437DF0	sub_437DF0	decompile	decompile/437DF0.c		18	0
0x00437E20	sub_437E20	decompile	decompile/437E20.c		1	0
0x00437E30	sub_437E30	decompile	decompile/437E30.c		1	0
0x00437E90	sub_437E90	decompile	decompile/437E90.c		2	0
0x00437EB0	sub_437EB0	decompile	decompile/437EB0.c		1	0
0x00437EF0	sub_437EF0	decompile	decompile/437EF0.c		2	0
0x00437F40	sub_437F40	decompile	decompile/437F40.c		2	1
0x00437F90	sub_437F90	decompile	decompile/437F90.c		1	4
0x00438000	sub_438000	decompile	decompile/438000.c		33	0
0x00438030	sub_438030	decompile	decompile/438030.c		33	2
0x004380B0	sub_4380B0	decompile	decompile/4380B0.c		26	2
0x00438150	sub_438150	decompile	decompile/438150.c		27	2
0x004381E0	sub_4381E0	decompile	decompile/4381E0.c		5	2
0x00438230	sub_438230	decompile	decompile/438230.c		7	1
0x00438290	sub_438290	decompile	decompile/438290.c		5	1
0x004382E0	sub_4382E0	decompile	decompile/4382E0.c		7	2
0x00438340	sub_438340	decompile	decompile/438340.c		10	0
0x00438360	sub_438360	decompile	decompile/438360.c		4	0
0x00438380	sub_438380	decompile	decompile/438380.c		19	1
0x004383E0	sub_4383E0	decompile	decompile/4383E0.c		9	1
0x00438440	sub_438440	decompile	decompile/438440.c		3	1
0x004384A0	sub_4384A0	decompile	decompile/4384A0.c		1	1
0x004384B0	sub_4384B0	decompile	decompile/4384B0.c		17	1
0x004384C0	sub_4384C0	decompile	decompile/4384C0.c		5	1
0x004384D0	sub_4384D0	decompile	decompile/4384D0.c		1	1
0x00438520	sub_438520	decompile	decompile/438520.c		2	2
0x00438570	sub_438570	decompile	decompile/438570.c		1	0
0x004385A0	sub_4385A0	decompile	decompile/4385A0.c		3	1
0x004385B0	sub_4385B0	decompile	decompile/4385B0.c		2	1
0x004385C0	sub_4385C0	decompile	decompile/4385C0.c		2	2
0x00438600	sub_438600	decompile	decompile/438600.c		1	1
0x00438610	sub_438610	decompile	decompile/438610.c		4	1
0x00438620	sub_438620	decompile	decompile/438620.c		13	0
0x00438640	sub_438640	decompile	decompile/438640.c		6	0
0x00438650	sub_438650	decompile	decompile/438650.c		1	1
0x00438800	sub_438800	decompile	decompile/438800.c		1	1
0x00438840	sub_438840	decompile	decompile/438840.c		0	2
0x00438880	sub_438880	decompile	decompile/438880.c		1	1
0x004389A0	sub_4389A0	decompile	decompile/4389A0.c		0	0
0x004389D0	sub_4389D0	decompile	decompile/4389D0.c		2	2
0x00438A60	sub_438A60	decompile	decompile/438A60.c		1	0
0x00438A70	sub_438A70	decompile	decompile/438A70.c		1	1
0x00438A80	sub_438A80	decompile	decompile/438A80.c		4	0
0x00438AC0	sub_438AC0	decompile	decompile/438AC0.c		1	0
0x00438AD0	sub_438AD0	decompile	decompile/438AD0.c		1	0
0x00438AE0	sub_438AE0	decompile	decompile/438AE0.c		1	0
0x00438AF0	sub_438AF0	decompile	decompile/438AF0.c		2	1
0x00438B50	sub_438B50	decompile	decompile/438B50.c		1	10
0x00438DC0	sub_438DC0	decompile	decompile/438DC0.c		1	0
0x00438DD0	sub_438DD0	decompile	decompile/438DD0.c		1	0
0x00438DE0	sub_438DE0	decompile	decompile/438DE0.c		1	0
0x00438E10	sub_438E10	decompile	decompile/438E10.c		1	0
0x00438E50	sub_438E50	decompile	decompile/438E50.c		1	3
0x00438F60	sub_438F60	decompile	decompile/438F60.c		1	2
0x00438FA0	sub_438FA0	decompile	decompile/438FA0.c		1	2
0x00439020	sub_439020	decompile	decompile/439020.c		1	0
0x00439070	sub_439070	decompile	decompile/439070.c		44	1
0x004390F0	sub_4390F0	decompile	decompile/4390F0.c		1	0
0x00439110	sub_439110	decompile	decompile/439110.c		1	0
0x00439120	sub_439120	decompile	decompile/439120.c		1	1
0x00439210	sub_439210	decompile	decompile/439210.c		1	0
0x00439580	sub_439580	decompile	decompile/439580.c		1	1
0x00439670	sub_439670	decompile	decompile/439670.c		1	0
0x004399E0	sub_4399E0	decompile	decompile/4399E0.c		4	0
0x00439C20	sub_439C20	decompile	decompile/439C20.c		0	0
0x00439DE0	sub_439DE0	decompile	decompile/439DE0.c		2	3
0x00439FD0	sub_439FD0	decompile	decompile/439FD0.c		1	7
0x0043A2A0	sub_43A2A0	decompile	decompile/43A2A0.c		1	5
0x0043A380	sub_43A380	decompile	decompile/43A380.c		1	1
0x0043A470	sub_43A470	decompile	decompile/43A470.c		1	0
0x0043A610	sub_43A610	disassembly-fallback	disassembly/43A610.asm	decompile returned None	1	12
0x0043A880	sub_43A880	decompile	decompile/43A880.c		1	6
0x0043AAA0	sub_43AAA0	decompile	decompile/43AAA0.c		1	6
0x0043AE40	sub_43AE40	decompile	decompile/43AE40.c		7	8
0x0043B080	sub_43B080	decompile	decompile/43B080.c		2	4
0x0043B110	sub_43B110	decompile	decompile/43B110.c		36	4
0x0043B480	sub_43B480	decompile	decompile/43B480.c		9	3
0x0043B980	sub_43B980	decompile	decompile/43B980.c		10	0
0x0043B9A0	sub_43B9A0	decompile	decompile/43B9A0.c		35	0
0x0043B9C0	sub_43B9C0	decompile	decompile/43B9C0.c		36	0
0x0043B9E0	sub_43B9E0	decompile	decompile/43B9E0.c		37	0
0x0043BA40	sub_43BA40	decompile	decompile/43BA40.c		2	0
0x0043BAB0	sub_43BAB0	decompile	decompile/43BAB0.c		10	3
0x0043BB40	sub_43BB40	decompile	decompile/43BB40.c		4	0
0x0043BB80	sub_43BB80	decompile	decompile/43BB80.c		7	0
0x0043BBC0	sub_43BBC0	decompile	decompile/43BBC0.c		7	0
0x0043BBE0	sub_43BBE0	decompile	decompile/43BBE0.c		5	0
0x0043BC60	sub_43BC60	decompile	decompile/43BC60.c		5	0
0x0043BC90	sub_43BC90	decompile	decompile/43BC90.c		22	0
0x0043BCC0	sub_43BCC0	decompile	decompile/43BCC0.c		5	6
0x0043BD70	sub_43BD70	decompile	decompile/43BD70.c		2	3
0x0043BE40	sub_43BE40	decompile	decompile/43BE40.c		3	0
0x0043BE90	sub_43BE90	decompile	decompile/43BE90.c		2	3
0x0043BFC0	sub_43BFC0	decompile	decompile/43BFC0.c		2	2
0x0043C090	sub_43C090	decompile	decompile/43C090.c		7	0
0x0043C0D0	sub_43C0D0	decompile	decompile/43C0D0.c		2	6
0x0043C3C0	sub_43C3C0	decompile	decompile/43C3C0.c		2	4
0x0043C520	sub_43C520	decompile	decompile/43C520.c		3	5
0x0043C590	sub_43C590	decompile	decompile/43C590.c		3	5
0x0043C670	sub_43C670	decompile	decompile/43C670.c		3	5
0x0043C760	sub_43C760	decompile	decompile/43C760.c		3	5
0x0043C820	sub_43C820	decompile	decompile/43C820.c		3	6
0x0043C9C0	sub_43C9C0	decompile	decompile/43C9C0.c		3	5
0x0043CBD0	sub_43CBD0	decompile	decompile/43CBD0.c		7	0
0x0043CC00	sub_43CC00	decompile	decompile/43CC00.c		6	0
0x0043CC20	sub_43CC20	decompile	decompile/43CC20.c		1	2
0x0043CEF0	sub_43CEF0	decompile	decompile/43CEF0.c		7	4
0x0043D050	sub_43D050	decompile	decompile/43D050.c		1	4
0x0043D370	sub_43D370	decompile	decompile/43D370.c		1	1
0x0043D470	sub_43D470	decompile	decompile/43D470.c		1	3
0x0043D530	sub_43D530	decompile	decompile/43D530.c		1	7
0x0043D880	sub_43D880	decompile	decompile/43D880.c		2	2
0x0043DD20	sub_43DD20	decompile	decompile/43DD20.c		2	6
0x0043DDF0	sub_43DDF0	decompile	decompile/43DDF0.c		2	7
0x0043DED0	sub_43DED0	decompile	decompile/43DED0.c		2	6
0x0043DFA0	sub_43DFA0	decompile	decompile/43DFA0.c		2	7
0x0043E080	sub_43E080	decompile	decompile/43E080.c		2	6
0x0043E170	sub_43E170	decompile	decompile/43E170.c		2	5
0x0043E250	sub_43E250	decompile	decompile/43E250.c		1	2
0x0043E310	sub_43E310	decompile	decompile/43E310.c		2	2
0x0043E3D0	sub_43E3D0	decompile	decompile/43E3D0.c		3	14
0x0043E770	sub_43E770	decompile	decompile/43E770.c		3	1
0x0043E800	sub_43E800	decompile	decompile/43E800.c		2	12
0x0043F000	sub_43F000	decompile	decompile/43F000.c		3	5
0x0043F080	sub_43F080	decompile	decompile/43F080.c		2	1
0x0043F0D0	sub_43F0D0	decompile	decompile/43F0D0.c		1	1
0x0043F160	sub_43F160	decompile	decompile/43F160.c		1	0
0x0043F1E0	sub_43F1E0	decompile	decompile/43F1E0.c		7	2
0x0043F7C0	sub_43F7C0	decompile	decompile/43F7C0.c		3	0
0x0043F880	sub_43F880	decompile	decompile/43F880.c		6	7
0x0043F940	sub_43F940	decompile	decompile/43F940.c		1	5
0x0043FA70	sub_43FA70	decompile	decompile/43FA70.c		1	5
0x0043FDE0	sub_43FDE0	decompile	decompile/43FDE0.c		1	4
0x004400A0	sub_4400A0	decompile	decompile/4400A0.c		1	2
0x004404D0	sub_4404D0	decompile	decompile/4404D0.c		1	0
0x004405C0	sub_4405C0	decompile	decompile/4405C0.c		2	1
0x00440630	sub_440630	decompile	decompile/440630.c		1	4
0x004407F0	sub_4407F0	decompile	decompile/4407F0.c		2	13
0x00440B20	sub_440B20	decompile	decompile/440B20.c		3	9
0x00440C20	sub_440C20	decompile	decompile/440C20.c		3	9
0x00440D20	sub_440D20	decompile	decompile/440D20.c		2	9
0x00440E10	sub_440E10	decompile	decompile/440E10.c		2	9
0x00440F00	sub_440F00	decompile	decompile/440F00.c		1	7
0x00440FB0	sub_440FB0	decompile	decompile/440FB0.c		1	7
0x00441060	sub_441060	decompile	decompile/441060.c		2	8
0x00441160	sub_441160	decompile	decompile/441160.c		3	15
0x00441590	sub_441590	decompile	decompile/441590.c		2	3
0x00441680	sub_441680	decompile	decompile/441680.c		2	15
0x00441F70	sub_441F70	decompile	decompile/441F70.c		2	0
0x00442050	sub_442050	decompile	decompile/442050.c		8	3
0x004420F0	sub_4420F0	decompile	decompile/4420F0.c		8	1
0x00442130	sub_442130	decompile	decompile/442130.c		1	4
0x004425C0	sub_4425C0	decompile	decompile/4425C0.c		2	7
0x00442960	sub_442960	decompile	decompile/442960.c		1	2
0x004429B0	sub_4429B0	decompile	decompile/4429B0.c		11	4
0x00442A40	sub_442A40	decompile	decompile/442A40.c		1	1
0x00442AA0	sub_442AA0	decompile	decompile/442AA0.c		1	2
0x00442B10	sub_442B10	decompile	decompile/442B10.c		1	2
0x00442BC0	sub_442BC0	decompile	decompile/442BC0.c		2	0
0x00442CA0	sub_442CA0	decompile	decompile/442CA0.c		1	3
0x00442D70	sub_442D70	decompile	decompile/442D70.c		1	1
0x00442E40	sub_442E40	decompile	decompile/442E40.c		1	6
0x00442F10	sub_442F10	decompile	decompile/442F10.c		3	2
0x00442F40	sub_442F40	decompile	decompile/442F40.c		1	14
0x00443450	sub_443450	decompile	decompile/443450.c		2	6
0x00443570	sub_443570	decompile	decompile/443570.c		2	6
0x00443670	sub_443670	decompile	decompile/443670.c		2	6
0x004437C0	sub_4437C0	decompile	decompile/4437C0.c		2	6
0x004438E0	sub_4438E0	decompile	decompile/4438E0.c		1	4
0x00443A60	sub_443A60	decompile	decompile/443A60.c		2	10
0x00443B70	sub_443B70	decompile	decompile/443B70.c		2	5
0x00443BD0	sub_443BD0	decompile	decompile/443BD0.c		2	10
0x004441A0	sub_4441A0	decompile	decompile/4441A0.c		2	2
0x004442B0	sub_4442B0	decompile	decompile/4442B0.c		2	19
0x00444DB0	sub_444DB0	decompile	decompile/444DB0.c		1	0
0x00444E50	sub_444E50	decompile	decompile/444E50.c		3	0
0x00444E80	sub_444E80	decompile	decompile/444E80.c		3	3
0x00444F00	sub_444F00	decompile	decompile/444F00.c		3	1
0x00444F60	sub_444F60	decompile	decompile/444F60.c		2	1
0x00444FB0	sub_444FB0	decompile	decompile/444FB0.c		2	0
0x00444FC0	sub_444FC0	decompile	decompile/444FC0.c		2	1
0x004450E0	sub_4450E0	decompile	decompile/4450E0.c		1	4
0x00445210	sub_445210	decompile	decompile/445210.c		2	2
0x00445360	sub_445360	decompile	decompile/445360.c		2	3
0x004453F0	sub_4453F0	decompile	decompile/4453F0.c		2	1
0x00445420	sub_445420	decompile	decompile/445420.c		1	0
0x004455A0	sub_4455A0	decompile	decompile/4455A0.c		3	2
0x004455E0	sub_4455E0	decompile	decompile/4455E0.c		1	14
0x00445C90	sub_445C90	decompile	decompile/445C90.c		2	6
0x00445E90	sub_445E90	decompile	decompile/445E90.c		2	6
0x00446090	sub_446090	decompile	decompile/446090.c		2	6
0x00446260	sub_446260	decompile	decompile/446260.c		2	6
0x00446420	sub_446420	decompile	decompile/446420.c		2	6
0x00446550	sub_446550	decompile	decompile/446550.c		1	6
0x00446680	sub_446680	decompile	decompile/446680.c		1	0
0x00446700	sub_446700	disassembly-fallback	disassembly/446700.asm	decompile returned None	2	25
0x00446FE0	sub_446FE0	decompile	decompile/446FE0.c		3	3
0x00447100	sub_447100	decompile	decompile/447100.c		2	20
0x00448020	sub_448020	decompile	decompile/448020.c		1	4
0x00448230	sub_448230	decompile	decompile/448230.c		4	4
0x004482E0	sub_4482E0	decompile	decompile/4482E0.c		5	2
0x00448360	sub_448360	decompile	decompile/448360.c		1	9
0x004485F0	sub_4485F0	decompile	decompile/4485F0.c		1	2
0x00448650	sub_448650	decompile	decompile/448650.c		2	5
0x00448700	sub_448700	decompile	decompile/448700.c		2	7
0x00448840	sub_448840	decompile	decompile/448840.c		1	6
0x00448BB0	sub_448BB0	decompile	decompile/448BB0.c		1	0
0x00448C00	sub_448C00	decompile	decompile/448C00.c		1	0
0x00448C70	sub_448C70	decompile	decompile/448C70.c		1	0
0x00448CA0	sub_448CA0	decompile	decompile/448CA0.c		1	3
0x00448EB0	sub_448EB0	decompile	decompile/448EB0.c		1	0
0x00448EE0	sub_448EE0	decompile	decompile/448EE0.c		3	7
0x00449050	sub_449050	decompile	decompile/449050.c		2	2
0x004490C0	sub_4490C0	decompile	decompile/4490C0.c		1	25
0x00449C30	sub_449C30	decompile	decompile/449C30.c		1	4
0x00449D80	sub_449D80	decompile	decompile/449D80.c		1	0
0x00449FF0	sub_449FF0	decompile	decompile/449FF0.c		1	1
0x0044A030	sub_44A030	decompile	decompile/44A030.c		2	1
0x0044A050	sub_44A050	decompile	decompile/44A050.c		1	3
0x0044A0D0	sub_44A0D0	decompile	decompile/44A0D0.c		2	2
0x0044A160	sub_44A160	decompile	decompile/44A160.c		1	2
0x0044A1D0	sub_44A1D0	decompile	decompile/44A1D0.c		1	2
0x0044A240	nullsub_1	decompile	decompile/44A240.c		63	0
0x0044A250	sub_44A250	decompile	decompile/44A250.c		2	2
0x0044A280	sub_44A280	decompile	decompile/44A280.c		2	8
0x0044AB00	sub_44AB00	decompile	decompile/44AB00.c		4	2
0x0044AE70	sub_44AE70	decompile	decompile/44AE70.c		1	2
0x0044AF30	sub_44AF30	decompile	decompile/44AF30.c		1	2
0x0044B010	sub_44B010	decompile	decompile/44B010.c		4	3
0x0044B070	sub_44B070	decompile	decompile/44B070.c		1	12
0x0044B560	sub_44B560	decompile	decompile/44B560.c		4	3
0x0044B6E0	sub_44B6E0	decompile	decompile/44B6E0.c		4	3
0x0044B840	sub_44B840	decompile	decompile/44B840.c		2	1
0x0044B930	sub_44B930	decompile	decompile/44B930.c		2	2
0x0044BA20	sub_44BA20	decompile	decompile/44BA20.c		1	3
0x0044BDA0	sub_44BDA0	decompile	decompile/44BDA0.c		2	9
0x0044C0E0	sub_44C0E0	decompile	decompile/44C0E0.c		2	2
0x0044C160	sub_44C160	decompile	decompile/44C160.c		2	17
0x0044D010	sub_44D010	decompile	decompile/44D010.c		3	0
0x0044D050	sub_44D050	decompile	decompile/44D050.c		2	0
0x0044D070	sub_44D070	decompile	decompile/44D070.c		1	2
0x0044D0F0	sub_44D0F0	decompile	decompile/44D0F0.c		1	4
0x0044D2D0	sub_44D2D0	decompile	decompile/44D2D0.c		12	4
0x0044D4E0	sub_44D4E0	decompile	decompile/44D4E0.c		1	0
0x0044D520	sub_44D520	decompile	decompile/44D520.c		2	1
0x0044D5A0	sub_44D5A0	decompile	decompile/44D5A0.c		4	1
0x0044D5D0	sub_44D5D0	decompile	decompile/44D5D0.c		7	1
0x0044D620	sub_44D620	decompile	decompile/44D620.c		1	0
0x0044D650	sub_44D650	decompile	decompile/44D650.c		1	0
0x0044D680	sub_44D680	decompile	decompile/44D680.c		6	0
0x0044D6B0	sub_44D6B0	decompile	decompile/44D6B0.c		6	0
0x0044D6E0	sub_44D6E0	decompile	decompile/44D6E0.c		7	3
0x0044D920	sub_44D920	decompile	decompile/44D920.c		1	9
0x0044DA40	sub_44DA40	decompile	decompile/44DA40.c		1	2
0x0044DAA0	sub_44DAA0	decompile	decompile/44DAA0.c		2	1
0x0044DBC0	sub_44DBC0	decompile	decompile/44DBC0.c		1	10
0x0044DF00	sub_44DF00	decompile	decompile/44DF00.c		2	7
0x0044DFF0	sub_44DFF0	decompile	decompile/44DFF0.c		2	7
0x0044E0C0	sub_44E0C0	decompile	decompile/44E0C0.c		2	7
0x0044E1B0	sub_44E1B0	decompile	decompile/44E1B0.c		2	6
0x0044E260	sub_44E260	decompile	decompile/44E260.c		2	2
0x0044E330	sub_44E330	decompile	decompile/44E330.c		2	4
0x0044E4A0	sub_44E4A0	decompile	decompile/44E4A0.c		2	18
0x0044E9D0	sub_44E9D0	decompile	decompile/44E9D0.c		3	3
0x0044EA60	sub_44EA60	decompile	decompile/44EA60.c		1	22
0x0044F770	sub_44F770	decompile	decompile/44F770.c		3	0
0x0044F7D0	sub_44F7D0	decompile	decompile/44F7D0.c		5	0
0x0044F800	sub_44F800	decompile	decompile/44F800.c		1	1
0x0044F8E0	sub_44F8E0	decompile	decompile/44F8E0.c		1	1
0x0044F920	sub_44F920	decompile	decompile/44F920.c		1	0
0x0044FA40	sub_44FA40	decompile	decompile/44FA40.c		2	1
0x0044FAF0	sub_44FAF0	decompile	decompile/44FAF0.c		5	2
0x0044FD30	sub_44FD30	decompile	decompile/44FD30.c		1	3
0x0044FF90	sub_44FF90	decompile	decompile/44FF90.c		1	0
0x0044FFC0	sub_44FFC0	decompile	decompile/44FFC0.c		1	0
0x0044FFE0	sub_44FFE0	decompile	decompile/44FFE0.c		1	3
0x00450270	sub_450270	decompile	decompile/450270.c		2	2
0x004502B0	sub_4502B0	decompile	decompile/4502B0.c		1	4
0x00450400	sub_450400	decompile	decompile/450400.c		1	3
0x00450490	sub_450490	decompile	decompile/450490.c		1	2
0x004504E0	sub_4504E0	decompile	decompile/4504E0.c		2	2
0x00450530	sub_450530	decompile	decompile/450530.c		1	2
0x004505B0	sub_4505B0	decompile	decompile/4505B0.c		1	2
0x00450630	sub_450630	decompile	decompile/450630.c		1	2
0x004506B0	sub_4506B0	decompile	decompile/4506B0.c		1	2
0x004507A0	sub_4507A0	decompile	decompile/4507A0.c		2	1
0x00450900	sub_450900	decompile	decompile/450900.c		1	2
0x004509D0	sub_4509D0	decompile	decompile/4509D0.c		1	3
0x00450A50	sub_450A50	decompile	decompile/450A50.c		5	1
0x00450A80	sub_450A80	decompile	decompile/450A80.c		3	3
0x00450B40	sub_450B40	decompile	decompile/450B40.c		1	0
0x00450B60	sub_450B60	decompile	decompile/450B60.c		1	3
0x00450BD0	sub_450BD0	decompile	decompile/450BD0.c		1	2
0x00450C50	sub_450C50	decompile	decompile/450C50.c		1	5
0x00450F90	sub_450F90	decompile	decompile/450F90.c		1	5
0x00451100	sub_451100	decompile	decompile/451100.c		1	3
0x004512B0	sub_4512B0	decompile	decompile/4512B0.c		1	3
0x00451420	sub_451420	decompile	decompile/451420.c		1	3
0x00451540	sub_451540	decompile	decompile/451540.c		1	2
0x004515E0	sub_4515E0	decompile	decompile/4515E0.c		1	3
0x00451730	sub_451730	decompile	decompile/451730.c		2	1
0x004517A0	sub_4517A0	decompile	decompile/4517A0.c		0	1
0x004517B0	sub_4517B0	decompile	decompile/4517B0.c		1	1
0x004517E0	sub_4517E0	decompile	decompile/4517E0.c		1	1
0x00451800	sub_451800	decompile	decompile/451800.c		0	1
0x00451810	sub_451810	decompile	decompile/451810.c		1	1
0x00451840	sub_451840	decompile	decompile/451840.c		1	1
0x00451860	sub_451860	decompile	decompile/451860.c		0	1
0x00451870	unknown_libname_42	skipped		library function	0	0
0x00451890	unknown_libname_43	skipped		library function	0	0
0x004518A0	sub_4518A0	decompile	decompile/4518A0.c		0	1
0x004518B0	unknown_libname_44	skipped		library function	0	0
0x004518D0	unknown_libname_45	skipped		library function	0	0
0x004518E0	sub_4518E0	decompile	decompile/4518E0.c		0	0
0x004518F0	sub_4518F0	decompile	decompile/4518F0.c		1	1
0x00451900	sub_451900	decompile	decompile/451900.c		0	1
0x00451910	unknown_libname_46	skipped		library function	0	0
0x00451930	unknown_libname_47	skipped		library function	0	0
0x00451940	sub_451940	decompile	decompile/451940.c		2	6
0x00451A20	sub_451A20	decompile	decompile/451A20.c		2	3
0x00451A90	sub_451A90	decompile	decompile/451A90.c		2	1
0x00451AE0	sub_451AE0	decompile	decompile/451AE0.c		3	0
0x00451B10	sub_451B10	decompile	decompile/451B10.c		3	40
0x004527E0	sub_4527E0	decompile	decompile/4527E0.c		1	28
0x004530A0	sub_4530A0	decompile	decompile/4530A0.c		1	3
0x00453200	sub_453200	decompile	decompile/453200.c		1	41
0x00453580	sub_453580	decompile	decompile/453580.c		2	9
0x004539B0	sub_4539B0	decompile	decompile/4539B0.c		1	95
0x00455D60	sub_455D60	decompile	decompile/455D60.c		1	37
0x00456680	sub_456680	decompile	decompile/456680.c		1	46
0x004576A0	sub_4576A0	decompile	decompile/4576A0.c		1	46
0x004582B0	sub_4582B0	decompile	decompile/4582B0.c		1	32
0x00458DE0	sub_458DE0	decompile	decompile/458DE0.c		1	24
0x004599B0	sub_4599B0	decompile	decompile/4599B0.c		1	9
0x00459BF0	sub_459BF0	decompile	decompile/459BF0.c		1	4
0x00459D10	sub_459D10	decompile	decompile/459D10.c		2	24
0x0045A980	sub_45A980	decompile	decompile/45A980.c		1	1
0x0045AA00	sub_45AA00	decompile	decompile/45AA00.c		2	14
0x0045ADF0	sub_45ADF0	decompile	decompile/45ADF0.c		1	8
0x0045AF90	sub_45AF90	decompile	decompile/45AF90.c		7	7
0x0045B0E0	sub_45B0E0	decompile	decompile/45B0E0.c		7	1
0x0045B190	sub_45B190	decompile	decompile/45B190.c		8	0
0x0045B280	sub_45B280	decompile	decompile/45B280.c		1	2
0x0045B5A0	sub_45B5A0	decompile	decompile/45B5A0.c		4	0
0x0045B5E0	sub_45B5E0	decompile	decompile/45B5E0.c		2	2
0x0045B630	sub_45B630	decompile	decompile/45B630.c		1	9
0x0045BD10	sub_45BD10	decompile	decompile/45BD10.c		1	3
0x0045BD90	sub_45BD90	decompile	decompile/45BD90.c		2	2
0x0045C010	sub_45C010	decompile	decompile/45C010.c		1	12
0x0045D180	sub_45D180	decompile	decompile/45D180.c		7	2
0x0045D250	sub_45D250	decompile	decompile/45D250.c		1	0
0x0045D2A0	sub_45D2A0	decompile	decompile/45D2A0.c		1	0
0x0045D2F0	sub_45D2F0	decompile	decompile/45D2F0.c		1	2
0x0045D3E0	sub_45D3E0	decompile	decompile/45D3E0.c		7	1
0x0045D490	sub_45D490	decompile	decompile/45D490.c		1	4
0x0045D690	sub_45D690	decompile	decompile/45D690.c		3	7
0x0045D810	sub_45D810	decompile	decompile/45D810.c		2	1
0x0045D8F0	sub_45D8F0	decompile	decompile/45D8F0.c		1	13
0x0045DEE0	sub_45DEE0	decompile	decompile/45DEE0.c		1	9
0x0045E580	sub_45E580	decompile	decompile/45E580.c		1	3
0x0045E660	sub_45E660	decompile	decompile/45E660.c		1	1
0x0045E7D0	sub_45E7D0	decompile	decompile/45E7D0.c		1	1
0x0045E9C0	sub_45E9C0	decompile	decompile/45E9C0.c		1	1
0x0045EA30	sub_45EA30	decompile	decompile/45EA30.c		1	3
0x0045EA80	sub_45EA80	decompile	decompile/45EA80.c		1	4
0x0045EB40	sub_45EB40	decompile	decompile/45EB40.c		1	4
0x0045EC60	sub_45EC60	decompile	decompile/45EC60.c		1	0
0x0045EC80	sub_45EC80	decompile	decompile/45EC80.c		1	1
0x0045EDF0	sub_45EDF0	decompile	decompile/45EDF0.c		3	0
0x0045EE70	sub_45EE70	decompile	decompile/45EE70.c		2	0
0x0045EFB0	sub_45EFB0	decompile	decompile/45EFB0.c		4	0
0x0045F020	sub_45F020	decompile	decompile/45F020.c		1	1
0x0045F0F0	sub_45F0F0	decompile	decompile/45F0F0.c		1	0
0x0045F130	sub_45F130	decompile	decompile/45F130.c		1	0
0x0045F1B0	sub_45F1B0	decompile	decompile/45F1B0.c		1	0
0x0045F2A0	sub_45F2A0	decompile	decompile/45F2A0.c		1	20
0x0045FC60	sub_45FC60	decompile	decompile/45FC60.c		1	11
0x00460C40	sub_460C40	decompile	decompile/460C40.c		1	5
0x00461240	sub_461240	decompile	decompile/461240.c		1	5
0x00461900	sub_461900	decompile	decompile/461900.c		1	1
0x00461A30	sub_461A30	decompile	decompile/461A30.c		1	1
0x00461C10	sub_461C10	decompile	decompile/461C10.c		1	2
0x004620D0	sub_4620D0	decompile	decompile/4620D0.c		2	7
0x00462320	sub_462320	decompile	decompile/462320.c		1	2
0x004623A0	sub_4623A0	decompile	decompile/4623A0.c		1	2
0x00462420	sub_462420	decompile	decompile/462420.c		3	1
0x004624C0	sub_4624C0	decompile	decompile/4624C0.c		2	1
0x00462510	sub_462510	decompile	decompile/462510.c		1	1
0x00462630	sub_462630	decompile	decompile/462630.c		1	1
0x00462740	sub_462740	decompile	decompile/462740.c		1	26
0x00464270	sub_464270	decompile	decompile/464270.c		1	28
0x00464CC0	sub_464CC0	decompile	decompile/464CC0.c		2	3
0x00464DA0	sub_464DA0	decompile	decompile/464DA0.c		1	0
0x00464DD0	sub_464DD0	decompile	decompile/464DD0.c		1	1
0x00464E40	sub_464E40	decompile	decompile/464E40.c		1	1
0x00464E90	sub_464E90	decompile	decompile/464E90.c		3	3
0x00465090	sub_465090	decompile	decompile/465090.c		1	2
0x00465170	sub_465170	decompile	decompile/465170.c		1	0
0x004651D0	sub_4651D0	decompile	decompile/4651D0.c		1	6
0x00465480	sub_465480	decompile	decompile/465480.c		1	5
0x004655B0	sub_4655B0	decompile	decompile/4655B0.c		1	12
0x004659C0	sub_4659C0	decompile	decompile/4659C0.c		1	12
0x00465E50	sub_465E50	decompile	decompile/465E50.c		1	10
0x00466190	sub_466190	decompile	decompile/466190.c		1	10
0x00466500	sub_466500	decompile	decompile/466500.c		1	10
0x004667B0	sub_4667B0	decompile	decompile/4667B0.c		1	6
0x00466950	sub_466950	decompile	decompile/466950.c		1	12
0x00466C00	sub_466C00	decompile	decompile/466C00.c		1	6
0x00466F70	sub_466F70	decompile	decompile/466F70.c		1	27
0x00467710	sub_467710	decompile	decompile/467710.c		1	14
0x00467AC0	sub_467AC0	decompile	decompile/467AC0.c		1	5
0x00467C50	sub_467C50	decompile	decompile/467C50.c		1	4
0x00467F00	sub_467F00	decompile	decompile/467F00.c		1	6
0x00468930	sub_468930	decompile	decompile/468930.c		1	5
0x00468AD0	sub_468AD0	decompile	decompile/468AD0.c		1	6
0x00468C80	sub_468C80	decompile	decompile/468C80.c		1	5
0x00468ED0	sub_468ED0	decompile	decompile/468ED0.c		1	5
0x00468FF0	sub_468FF0	decompile	decompile/468FF0.c		1	4
0x00469080	sub_469080	decompile	decompile/469080.c		1	6
0x00469220	sub_469220	decompile	decompile/469220.c		1	6
0x00469340	sub_469340	decompile	decompile/469340.c		1	5
0x004694E0	sub_4694E0	decompile	decompile/4694E0.c		1	0
0x00469550	sub_469550	decompile	decompile/469550.c		1	4
0x00469620	sub_469620	decompile	decompile/469620.c		10	0
0x00469650	sub_469650	decompile	decompile/469650.c		1	8
0x004698E0	sub_4698E0	decompile	decompile/4698E0.c		12	1
0x00469960	sub_469960	decompile	decompile/469960.c		1	6
0x00469D20	sub_469D20	disassembly-fallback	disassembly/469D20.asm	function too large (16918 bytes, limit 16384 bytes)	1	76
0x0046E090	sub_46E090	decompile	decompile/46E090.c		1	0
0x0046E0A0	sub_46E0A0	decompile	decompile/46E0A0.c		1	0
0x0046E0B0	sub_46E0B0	decompile	decompile/46E0B0.c		1	1
0x0046E1E0	sub_46E1E0	decompile	decompile/46E1E0.c		1	2
0x0046E260	sub_46E260	decompile	decompile/46E260.c		1	0
0x0046E290	sub_46E290	decompile	decompile/46E290.c		1	4
0x0046E490	sub_46E490	decompile	decompile/46E490.c		1	2
0x0046E4D0	sub_46E4D0	decompile	decompile/46E4D0.c		2	2
0x0046E520	sub_46E520	decompile	decompile/46E520.c		2	0
0x0046E6A0	sub_46E6A0	decompile	decompile/46E6A0.c		1	0
0x0046E730	sub_46E730	decompile	decompile/46E730.c		1	2
0x0046E850	sub_46E850	decompile	decompile/46E850.c		1	0
0x0046E870	sub_46E870	decompile	decompile/46E870.c		1	0
0x0046E890	sub_46E890	decompile	decompile/46E890.c		1	4
0x0046E9C0	sub_46E9C0	decompile	decompile/46E9C0.c		1	4
0x0046EBB0	sub_46EBB0	decompile	decompile/46EBB0.c		1	2
0x0046EE60	sub_46EE60	decompile	decompile/46EE60.c		1	5
0x0046F030	sub_46F030	decompile	decompile/46F030.c		1	1
0x0046F1F0	sub_46F1F0	decompile	decompile/46F1F0.c		1	3
0x0046F5B0	sub_46F5B0	decompile	decompile/46F5B0.c		1	2
0x0046F6E0	sub_46F6E0	decompile	decompile/46F6E0.c		1	2
0x0046F850	sub_46F850	decompile	decompile/46F850.c		1	0
0x0046F8C0	sub_46F8C0	decompile	decompile/46F8C0.c		1	9
0x0046FF00	sub_46FF00	decompile	decompile/46FF00.c		1	1
0x0046FFE0	sub_46FFE0	decompile	decompile/46FFE0.c		6	0
0x0046FFF0	sub_46FFF0	decompile	decompile/46FFF0.c		1	3
0x00470180	sub_470180	decompile	decompile/470180.c		2	2
0x004702E0	sub_4702E0	decompile	decompile/4702E0.c		2	1
0x00470380	sub_470380	decompile	decompile/470380.c		1	4
0x004705C0	sub_4705C0	decompile	decompile/4705C0.c		1	2
0x004707B0	sub_4707B0	decompile	decompile/4707B0.c		2	3
0x00470820	sub_470820	decompile	decompile/470820.c		1	2
0x00470890	sub_470890	decompile	decompile/470890.c		1	0
0x004708C0	sub_4708C0	decompile	decompile/4708C0.c		2	0
0x00470900	sub_470900	decompile	decompile/470900.c		11	0
0x00470910	sub_470910	decompile	decompile/470910.c		1	1
0x00470A10	sub_470A10	decompile	decompile/470A10.c		2	1
0x00470AC0	sub_470AC0	decompile	decompile/470AC0.c		1	3
0x00470E20	sub_470E20	decompile	decompile/470E20.c		3	2
0x00470F70	sub_470F70	decompile	decompile/470F70.c		1	1
0x00470FE0	sub_470FE0	decompile	decompile/470FE0.c		1	1
0x00471080	sub_471080	decompile	decompile/471080.c		1	1
0x004710D0	sub_4710D0	decompile	decompile/4710D0.c		1	5
0x00471270	sub_471270	decompile	decompile/471270.c		1	3
0x004714B0	sub_4714B0	decompile	decompile/4714B0.c		1	1
0x00471540	sub_471540	decompile	decompile/471540.c		1	8
0x004717D0	sub_4717D0	decompile	decompile/4717D0.c		1	0
0x004717E0	sub_4717E0	decompile	decompile/4717E0.c		1	0
0x004717F0	sub_4717F0	decompile	decompile/4717F0.c		1	8
0x00471AD0	sub_471AD0	decompile	decompile/471AD0.c		1	8
0x00471D60	sub_471D60	decompile	decompile/471D60.c		2	4
0x00471FC0	sub_471FC0	decompile	decompile/471FC0.c		1	5
0x004721F0	sub_4721F0	decompile	decompile/4721F0.c		1	6
0x00472430	sub_472430	decompile	decompile/472430.c		1	3
0x004724D0	sub_4724D0	decompile	decompile/4724D0.c		1	5
0x00472710	sub_472710	decompile	decompile/472710.c		1	1
0x00472730	sub_472730	decompile	decompile/472730.c		1	3
0x004728D0	sub_4728D0	decompile	decompile/4728D0.c		2	0
0x004728E0	sub_4728E0	decompile	decompile/4728E0.c		1	11
0x00472C70	sub_472C70	decompile	decompile/472C70.c		1	2
0x00472CE0	sub_472CE0	decompile	decompile/472CE0.c		1	6
0x00473010	sub_473010	decompile	decompile/473010.c		1	3
0x004731A0	sub_4731A0	decompile	decompile/4731A0.c		1	15
0x004735B0	sub_4735B0	decompile	decompile/4735B0.c		1	11
0x00473C10	sub_473C10	decompile	decompile/473C10.c		1	11
0x004745B0	sub_4745B0	decompile	decompile/4745B0.c		1	9
0x00474B60	sub_474B60	decompile	decompile/474B60.c		1	1
0x00474BA0	sub_474BA0	decompile	decompile/474BA0.c		1	8
0x00474E60	sub_474E60	decompile	decompile/474E60.c		1	4
0x00474FC0	sub_474FC0	decompile	decompile/474FC0.c		3	6
0x004750C0	sub_4750C0	decompile	decompile/4750C0.c		5	0
0x00475160	sub_475160	decompile	decompile/475160.c		1	1
0x00475180	sub_475180	decompile	decompile/475180.c		2	1
0x004751C0	sub_4751C0	decompile	decompile/4751C0.c		1	10
0x00475560	sub_475560	decompile	decompile/475560.c		1	2
0x00475590	sub_475590	decompile	decompile/475590.c		2	2
0x004755E0	sub_4755E0	decompile	decompile/4755E0.c		2	0
0x00475720	sub_475720	decompile	decompile/475720.c		2	3
0x00475820	sub_475820	decompile	decompile/475820.c		1	3
0x00475870	sub_475870	decompile	decompile/475870.c		1	0
0x004758A0	sub_4758A0	decompile	decompile/4758A0.c		1	18
0x00476080	sub_476080	decompile	decompile/476080.c		1	1
0x00476140	sub_476140	decompile	decompile/476140.c		1	0
0x00476160	sub_476160	decompile	decompile/476160.c		2	3
0x004761D0	sub_4761D0	decompile	decompile/4761D0.c		1	2
0x00476250	sub_476250	decompile	decompile/476250.c		2	2
0x004762F0	sub_4762F0	decompile	decompile/4762F0.c		1	1
0x00476330	sub_476330	decompile	decompile/476330.c		1	1
0x004763D0	sub_4763D0	decompile	decompile/4763D0.c		1	7
0x00476600	sub_476600	decompile	decompile/476600.c		1	2
0x00476780	sub_476780	decompile	decompile/476780.c		2	1
0x00476860	sub_476860	decompile	decompile/476860.c		2	1
0x004768D0	sub_4768D0	decompile	decompile/4768D0.c		2	0
0x00476900	sub_476900	decompile	decompile/476900.c		1	0
0x00476920	sub_476920	decompile	decompile/476920.c		1	0
0x004769A0	sub_4769A0	decompile	decompile/4769A0.c		1	0
0x00476A10	sub_476A10	decompile	decompile/476A10.c		1	0
0x00476A60	sub_476A60	decompile	decompile/476A60.c		2	1
0x00476A80	sub_476A80	decompile	decompile/476A80.c		15	2
0x00476DB0	sub_476DB0	decompile	decompile/476DB0.c		30	3
0x00477290	sub_477290	decompile	decompile/477290.c		4	2
0x00477400	sub_477400	decompile	decompile/477400.c		1	4
0x004776A0	sub_4776A0	decompile	decompile/4776A0.c		1	0
0x004776F0	sub_4776F0	decompile	decompile/4776F0.c		1	0
0x00477710	sub_477710	decompile	decompile/477710.c		2	1
0x00477780	sub_477780	decompile	decompile/477780.c		2	1
0x00477800	sub_477800	decompile	decompile/477800.c		6	0
0x00477830	sub_477830	decompile	decompile/477830.c		1	2
0x00477920	sub_477920	decompile	decompile/477920.c		1	2
0x004779F0	sub_4779F0	decompile	decompile/4779F0.c		4	0
0x00477A20	sub_477A20	decompile	decompile/477A20.c		1	4
0x00477B40	sub_477B40	decompile	decompile/477B40.c		3	2
0x00477BD0	sub_477BD0	decompile	decompile/477BD0.c		1	3
0x00477C90	sub_477C90	decompile	decompile/477C90.c		1	3
0x00477F10	sub_477F10	decompile	decompile/477F10.c		1	3
0x00478110	sub_478110	decompile	decompile/478110.c		3	1
0x00478220	sub_478220	decompile	decompile/478220.c		12	1
0x00478250	sub_478250	decompile	decompile/478250.c		3	0
0x00478300	sub_478300	decompile	decompile/478300.c		3	1
0x00478330	sub_478330	decompile	decompile/478330.c		8	0
0x00478340	sub_478340	decompile	decompile/478340.c		3	1
0x00478370	sub_478370	decompile	decompile/478370.c		2	0
0x00478380	sub_478380	decompile	decompile/478380.c		1	1
0x004783B0	sub_4783B0	decompile	decompile/4783B0.c		24	0
0x00478400	sub_478400	decompile	decompile/478400.c		6	0
0x00478470	sub_478470	decompile	decompile/478470.c		8	0
0x004784A0	sub_4784A0	decompile	decompile/4784A0.c		5	2
0x004785A0	sub_4785A0	decompile	decompile/4785A0.c		1	0
0x004785C0	sub_4785C0	decompile	decompile/4785C0.c		4	0
0x00478600	sub_478600	decompile	decompile/478600.c		6	0
0x00478620	sub_478620	decompile	decompile/478620.c		3	2
0x00478670	sub_478670	decompile	decompile/478670.c		3	0
0x00478690	sub_478690	decompile	decompile/478690.c		2	0
0x004786A0	sub_4786A0	decompile	decompile/4786A0.c		2	0
0x004786B0	sub_4786B0	decompile	decompile/4786B0.c		3	0
0x004786C0	sub_4786C0	decompile	decompile/4786C0.c		1	0
0x004786D0	sub_4786D0	decompile	decompile/4786D0.c		3	0
0x004786E0	sub_4786E0	decompile	decompile/4786E0.c		7	0
0x004786F0	sub_4786F0	decompile	decompile/4786F0.c		1	0
0x00478710	sub_478710	decompile	decompile/478710.c		11	0
0x00478770	sub_478770	decompile	decompile/478770.c		1	0
0x00478780	sub_478780	decompile	decompile/478780.c		21	0
0x004787C0	sub_4787C0	decompile	decompile/4787C0.c		1	0
0x004787D0	sub_4787D0	decompile	decompile/4787D0.c		13	0
0x004787F0	sub_4787F0	decompile	decompile/4787F0.c		3	0
0x00478830	sub_478830	decompile	decompile/478830.c		1	0
0x00478850	sub_478850	decompile	decompile/478850.c		9	1
0x00478A70	sub_478A70	decompile	decompile/478A70.c		6	0
0x00478AA0	sub_478AA0	decompile	decompile/478AA0.c		1	0
0x00478AB0	sub_478AB0	decompile	decompile/478AB0.c		1	0
0x00478AC0	sub_478AC0	decompile	decompile/478AC0.c		3	0
0x00478AE0	sub_478AE0	decompile	decompile/478AE0.c		5	0
0x00478B20	sub_478B20	decompile	decompile/478B20.c		3	0
0x00478B30	sub_478B30	decompile	decompile/478B30.c		3	0
0x00478B40	sub_478B40	decompile	decompile/478B40.c		2	0
0x00478B50	sub_478B50	decompile	decompile/478B50.c		1	0
0x00478B60	sub_478B60	decompile	decompile/478B60.c		2	19
0x00479850	sub_479850	decompile	decompile/479850.c		3	15
0x0047BA80	sub_47BA80	decompile	decompile/47BA80.c		1	7
0x0047C1F0	sub_47C1F0	decompile	decompile/47C1F0.c		1	1
0x0047C660	sub_47C660	decompile	decompile/47C660.c		12	0
0x0047C670	sub_47C670	decompile	decompile/47C670.c		1	0
0x0047C680	sub_47C680	decompile	decompile/47C680.c		2	0
0x0047C690	sub_47C690	decompile	decompile/47C690.c		2	0
0x0047C6B0	sub_47C6B0	decompile	decompile/47C6B0.c		3	5
0x0047C950	sub_47C950	decompile	decompile/47C950.c		4	6
0x0047CC40	sub_47CC40	decompile	decompile/47CC40.c		1	0
0x0047CC50	sub_47CC50	decompile	decompile/47CC50.c		1	0
0x0047CC60	sub_47CC60	decompile	decompile/47CC60.c		1	1
0x0047CD60	sub_47CD60	decompile	decompile/47CD60.c		4	1
0x0047CE70	sub_47CE70	decompile	decompile/47CE70.c		4	0
0x0047CE80	sub_47CE80	decompile	decompile/47CE80.c		25	0
0x0047CEA0	sub_47CEA0	decompile	decompile/47CEA0.c		3	0
0x0047CEB0	sub_47CEB0	decompile	decompile/47CEB0.c		1	0
0x0047CEC0	sub_47CEC0	decompile	decompile/47CEC0.c		15	0
0x0047CF00	sub_47CF00	decompile	decompile/47CF00.c		5	0
0x0047CF20	sub_47CF20	decompile	decompile/47CF20.c		1	1
0x0047D2E0	sub_47D2E0	decompile	decompile/47D2E0.c		3	0
0x0047D350	sub_47D350	decompile	decompile/47D350.c		5	2
0x0047D640	sub_47D640	decompile	decompile/47D640.c		15	2
0x0047D7D0	sub_47D7D0	decompile	decompile/47D7D0.c		2	0
0x0047D7F0	sub_47D7F0	decompile	decompile/47D7F0.c		3	0
0x0047D810	sub_47D810	decompile	decompile/47D810.c		3	0
0x0047D830	sub_47D830	decompile	decompile/47D830.c		3	0
0x0047D860	sub_47D860	decompile	decompile/47D860.c		4	0
0x0047D870	sub_47D870	decompile	decompile/47D870.c		3	0
0x0047D880	sub_47D880	decompile	decompile/47D880.c		4	0
0x0047D8A0	sub_47D8A0	decompile	decompile/47D8A0.c		1	0
0x0047D8B0	sub_47D8B0	decompile	decompile/47D8B0.c		2	0
0x0047D8D0	sub_47D8D0	decompile	decompile/47D8D0.c		4	0
0x0047D8E0	sub_47D8E0	decompile	decompile/47D8E0.c		2	0
0x0047D8F0	sub_47D8F0	decompile	decompile/47D8F0.c		1	0
0x0047D900	sub_47D900	decompile	decompile/47D900.c		1	0
0x0047D930	sub_47D930	decompile	decompile/47D930.c		6	0
0x0047D950	sub_47D950	decompile	decompile/47D950.c		3	0
0x0047DA10	sub_47DA10	decompile	decompile/47DA10.c		2	0
0x0047DA90	sub_47DA90	decompile	decompile/47DA90.c		1	0
0x0047DAB0	sub_47DAB0	decompile	decompile/47DAB0.c		1	0
0x0047DAC0	sub_47DAC0	decompile	decompile/47DAC0.c		1	0
0x0047DAD0	sub_47DAD0	decompile	decompile/47DAD0.c		2	4
0x0047DBD0	sub_47DBD0	decompile	decompile/47DBD0.c		3	2
0x0047E070	sub_47E070	decompile	decompile/47E070.c		3	3
0x0047E4C0	sub_47E4C0	decompile	decompile/47E4C0.c		3	0
0x0047E500	sub_47E500	decompile	decompile/47E500.c		1	0
0x0047E580	sub_47E580	decompile	decompile/47E580.c		3	0
0x0047E5C0	sub_47E5C0	decompile	decompile/47E5C0.c		1	5
0x0047E650	sub_47E650	decompile	decompile/47E650.c		2	3
0x0047E7F0	sub_47E7F0	decompile	decompile/47E7F0.c		1	2
0x0047E880	sub_47E880	decompile	decompile/47E880.c		3	2
0x0047E950	sub_47E950	decompile	decompile/47E950.c		7	3
0x0047F150	sub_47F150	decompile	decompile/47F150.c		13	2
0x0047F340	sub_47F340	decompile	decompile/47F340.c		1	0
0x0047F360	sub_47F360	decompile	decompile/47F360.c		3	0
0x0047F380	sub_47F380	decompile	decompile/47F380.c		3	0
0x0047F3A0	sub_47F3A0	decompile	decompile/47F3A0.c		1	0
0x0047F3C0	sub_47F3C0	decompile	decompile/47F3C0.c		2	2
0x0047F580	sub_47F580	decompile	decompile/47F580.c		1	2
0x0047F710	sub_47F710	decompile	decompile/47F710.c		2	2
0x0047F900	sub_47F900	decompile	decompile/47F900.c		4	0
0x0047F910	sub_47F910	decompile	decompile/47F910.c		4	0
0x0047F920	sub_47F920	decompile	decompile/47F920.c		12	0
0x0047F940	sub_47F940	decompile	decompile/47F940.c		5	6
0x0047FC40	sub_47FC40	decompile	decompile/47FC40.c		2	12
0x004800F0	sub_4800F0	decompile	decompile/4800F0.c		2	1
0x004801A0	sub_4801A0	decompile	decompile/4801A0.c		2	0
0x00480220	sub_480220	decompile	decompile/480220.c		2	6
0x00480AD0	sub_480AD0	decompile	decompile/480AD0.c		14	0
0x00480AE0	sub_480AE0	decompile	decompile/480AE0.c		1	5
0x00480D40	sub_480D40	decompile	decompile/480D40.c		1	5
0x00480EE0	sub_480EE0	decompile	decompile/480EE0.c		1	0
0x00481010	sub_481010	decompile	decompile/481010.c		8	19
0x00481A40	sub_481A40	decompile	decompile/481A40.c		3	22
0x00481FB0	sub_481FB0	decompile	decompile/481FB0.c		1	0
0x00481FC0	sub_481FC0	decompile	decompile/481FC0.c		4	0
0x00481FD0	sub_481FD0	decompile	decompile/481FD0.c		4	0
0x00482030	sub_482030	decompile	decompile/482030.c		3	0
0x00482080	sub_482080	decompile	decompile/482080.c		2	0
0x004820A0	sub_4820A0	decompile	decompile/4820A0.c		2	2
0x00482310	sub_482310	decompile	decompile/482310.c		2	7
0x00482840	sub_482840	decompile	decompile/482840.c		3	7
0x00482DA0	sub_482DA0	decompile	decompile/482DA0.c		3	2
0x00482E80	sub_482E80	decompile	decompile/482E80.c		1	0
0x00482E90	sub_482E90	decompile	decompile/482E90.c		3	0
0x00482EC0	sub_482EC0	decompile	decompile/482EC0.c		1	0
0x00482F10	sub_482F10	decompile	decompile/482F10.c		6	1
0x00482F70	sub_482F70	decompile	decompile/482F70.c		2	0
0x00482FC0	sub_482FC0	decompile	decompile/482FC0.c		3	1
0x004830A0	sub_4830A0	decompile	decompile/4830A0.c		4	2
0x004831C0	sub_4831C0	decompile	decompile/4831C0.c		7	8
0x00483700	sub_483700	decompile	decompile/483700.c		1	2
0x00483820	sub_483820	decompile	decompile/483820.c		4	0
0x00483840	sub_483840	decompile	decompile/483840.c		2	0
0x00483870	sub_483870	decompile	decompile/483870.c		4	0
0x004838A0	sub_4838A0	decompile	decompile/4838A0.c		5	0
0x004838D0	sub_4838D0	decompile	decompile/4838D0.c		5	7
0x00483B30	sub_483B30	decompile	decompile/483B30.c		5	5
0x00483DB0	sub_483DB0	decompile	decompile/483DB0.c		1	8
0x00483FD0	sub_483FD0	decompile	decompile/483FD0.c		1	0
0x00483FE0	sub_483FE0	decompile	decompile/483FE0.c		1	0
0x00483FF0	sub_483FF0	decompile	decompile/483FF0.c		3	0
0x00484020	sub_484020	decompile	decompile/484020.c		1	5
0x004841B0	sub_4841B0	decompile	decompile/4841B0.c		1	2
0x00484230	sub_484230	decompile	decompile/484230.c		1	5
0x00484500	sub_484500	decompile	decompile/484500.c		8	0
0x00484550	sub_484550	decompile	decompile/484550.c		1	0
0x00484590	??0_ReaderWriterLock@details@Concurrency@@QAE@XZ	skipped		library function	0	0
0x004845A0	sub_4845A0	decompile	decompile/4845A0.c		1	0
0x00484620	sub_484620	decompile	decompile/484620.c		2	0
0x00484650	sub_484650	decompile	decompile/484650.c		1	0
0x004846F0	sub_4846F0	decompile	decompile/4846F0.c		1	0
0x00484710	sub_484710	decompile	decompile/484710.c		1	0
0x00484720	sub_484720	decompile	decompile/484720.c		1	0
0x00484730	sub_484730	decompile	decompile/484730.c		1	7
0x00484920	sub_484920	decompile	decompile/484920.c		1	2
0x00484950	sub_484950	decompile	decompile/484950.c		1	8
0x00484DA0	sub_484DA0	decompile	decompile/484DA0.c		1	0
0x00484DD0	sub_484DD0	decompile	decompile/484DD0.c		1	0
0x00484F60	sub_484F60	decompile	decompile/484F60.c		1	14
0x00485180	sub_485180	decompile	decompile/485180.c		1	3
0x00485290	sub_485290	decompile	decompile/485290.c		1	1
0x004852C0	sub_4852C0	decompile	decompile/4852C0.c		2	0
0x004852F0	sub_4852F0	decompile	decompile/4852F0.c		1	0
0x00485330	_AIL_serve@0	decompile	decompile/485330.c		25	0
0x00485360	sub_485360	decompile	decompile/485360.c		1	0
0x00485460	sub_485460	decompile	decompile/485460.c		0	0
0x004854B0	sub_4854B0	decompile	decompile/4854B0.c		1	4
0x00485610	sub_485610	decompile	decompile/485610.c		132	1
0x00485650	sub_485650	decompile	decompile/485650.c		24	1
0x00485670	sub_485670	decompile	decompile/485670.c		1	1
0x004856C0	sub_4856C0	decompile	decompile/4856C0.c		6	2
0x00485710	sub_485710	decompile	decompile/485710.c		12	1
0x00485720	sub_485720	decompile	decompile/485720.c		1	1
0x00485740	sub_485740	decompile	decompile/485740.c		7	1
0x00485750	sub_485750	decompile	decompile/485750.c		3	4
0x00485830	sub_485830	decompile	decompile/485830.c		5	1
0x00485850	sub_485850	decompile	decompile/485850.c		13	1
0x00485880	sub_485880	decompile	decompile/485880.c		4	1
0x004858D0	sub_4858D0	decompile	decompile/4858D0.c		2	1
0x00485910	sub_485910	decompile	decompile/485910.c		3	0
0x00485960	sub_485960	decompile	decompile/485960.c		0	2
0x004859B0	sub_4859B0	decompile	decompile/4859B0.c		1	3
0x00485C20	sub_485C20	decompile	decompile/485C20.c		1	2
0x00485CC0	sub_485CC0	decompile	decompile/485CC0.c		8	0
0x00485CD0	sub_485CD0	decompile	decompile/485CD0.c		6	0
0x00485CE0	sub_485CE0	decompile	decompile/485CE0.c		4	8
0x00485E90	sub_485E90	decompile	decompile/485E90.c		2	4
0x00485F30	sub_485F30	decompile	decompile/485F30.c		1	2
0x00485FE0	sub_485FE0	decompile	decompile/485FE0.c		2	4
0x00486030	sub_486030	decompile	decompile/486030.c		3	4
0x00486080	sub_486080	decompile	decompile/486080.c		1	2
0x00486160	sub_486160	decompile	decompile/486160.c		2	0
0x00486190	sub_486190	decompile	decompile/486190.c		1	0
0x004861B0	sub_4861B0	decompile	decompile/4861B0.c		1	0
0x004861D0	sub_4861D0	decompile	decompile/4861D0.c		2	0
0x00486210	sub_486210	decompile	decompile/486210.c		1	0
0x00486260	sub_486260	decompile	decompile/486260.c		7	0
0x00486280	sub_486280	decompile	decompile/486280.c		2	0
0x004862A0	sub_4862A0	decompile	decompile/4862A0.c		1	0
0x004862B0	sub_4862B0	decompile	decompile/4862B0.c		1	3
0x00486430	sub_486430	decompile	decompile/486430.c		1	1
0x00486490	sub_486490	decompile	decompile/486490.c		1	3
0x004865B0	sub_4865B0	decompile	decompile/4865B0.c		1	0
0x004866A0	sub_4866A0	decompile	decompile/4866A0.c		4	0
0x004866B0	sub_4866B0	decompile	decompile/4866B0.c		3	0
0x004866C0	sub_4866C0	decompile	decompile/4866C0.c		1	3
0x00486730	sub_486730	decompile	decompile/486730.c		2	5
0x00486860	sub_486860	decompile	decompile/486860.c		2	4
0x004868E0	sub_4868E0	decompile	decompile/4868E0.c		1	0
0x00486900	sub_486900	decompile	decompile/486900.c		1	1
0x00486A10	sub_486A10	decompile	decompile/486A10.c		3	1
0x00486A30	sub_486A30	decompile	decompile/486A30.c		2	0
0x00486A50	sub_486A50	decompile	decompile/486A50.c		2	0
0x00486A70	sub_486A70	decompile	decompile/486A70.c		4	0
0x00486AB0	DirectDrawCreate	decompile	decompile/486AB0.c		1	0
0x004876E4	nullsub_2	decompile	decompile/4876E4.c		0	0
0x004876F4	nullsub_3	decompile	decompile/4876F4.c		0	0
0x00487764	nullsub_4	decompile	decompile/487764.c		0	0
0x00487774	nullsub_5	decompile	decompile/487774.c		0	0
0x00487AD8	DirectInputCreateA	decompile	decompile/487AD8.c		1	0
0x00487ADE	ImmIsIME	decompile	decompile/487ADE.c		1	0
0x00487AF0	__onexit	skipped		library function	0	0
0x00487BA0	_atexit	skipped		library function	0	0
0x00487BC0	___onexitinit	skipped		library function	0	0
0x00487C10	_malloc	skipped		library function	0	0
0x00487C30	__malloc_dbg	skipped		library function	0	0
0x00487C60	__nh_malloc	skipped		library function	0	0
0x00487C80	__nh_malloc_dbg	skipped		library function	0	0
0x00487CD0	__heap_alloc_dbg	skipped		library function	0	0
0x00487FF0	__calloc_dbg	skipped		library function	0	0
0x00488050	__realloc_dbg	skipped		library function	0	0
0x00488080	_realloc_help	skipped		library function	0	0
0x004885A0	sub_4885A0	decompile	decompile/4885A0.c		160	1
0x004885C0	sub_4885C0	decompile	decompile/4885C0.c		10	7
0x004889B0	__msize	skipped		library function	0	0
0x004889D0	__msize_dbg	skipped		library function	0	0
0x00488B20	_CheckBytes	skipped		library function	0	0
0x00488BB0	__CrtCheckMemory	skipped		library function	0	0
0x00488F10	__CrtSetDbgFlag	skipped		library function	0	0
0x00488F40	__CrtIsValidPointer	skipped		library function	0	0
0x00488F90	__CrtIsValidHeapPointer	skipped		library function	0	0
0x00489020	__CrtMemCheckpoint	skipped		library function	0	0
0x00489180	__CrtMemDumpAllObjectsSince	skipped		library function	0	0
0x00489430	__printMemBlockData	skipped		library function	0	0
0x00489550	__CrtDumpMemoryLeaks	skipped		library function	0	0
0x004895D0	__fpmath	skipped		library function	0	0
0x00489600	sub_489600	decompile	decompile/489600.c		0	0
0x00489610	__cfltcvt_init_0	skipped		library function	0	0
0x00489654	__ftol	skipped		library function	0	0
0x00489680	?_JumpToContinuation@@YGXPAXPAUEHRegistrationNode@@@Z	skipped		library function	0	0
0x004896C0	sub_4896C0	skipped		library function	0	0
0x004896D0	sub_4896D0	skipped		library function	0	0
0x004896E0	?_UnwindNestedFrames@@YGXPAUEHRegistrationNode@@PAUEHExceptionRecord@@@Z	skipped		library function	0	0
0x00489740	___CxxFrameHandler3	skipped		library function	0	0
0x00489780	?_CallCatchBlock2@@YAPAXPAUEHRegistrationNode@@PBU_s_FuncInfo@@PAXHK@Z	skipped		library function	0	0
0x004897F0	?CatchGuardHandler@@YA?AW4_EXCEPTION_DISPOSITION@@PAUEHExceptionRecord@@PAUCatchGuardRN@@PAX2@Z	skipped		library function	0	0
0x00489830	?_CallSETranslator@@YAHPAUEHExceptionRecord@@PAUEHRegistrationNode@@PAX2PBU_s_FuncInfo@@H1@Z	skipped		library function	0	0
0x00489900	?TranslatorGuardHandler@@YA?AW4_EXCEPTION_DISPOSITION@@PAUEHExceptionRecord@@PAUTranslatorGuardRN@@PAX2@Z	skipped		library function	0	0
0x00489990	?_GetRangeOfTrysToCheck@@YAPBU_s_TryBlockMapEntry@@PBU_s_FuncInfo@@HHPAI1@Z	skipped		library function	0	0
0x00489A20	__global_unwind2	skipped		library function	0	0
0x00489A40	__unwind_handler	skipped		library function	0	0
0x00489A62	__local_unwind2	skipped		library function	0	0
0x00489ACA	__abnormal_termination	skipped		library function	0	0
0x00489AED	__NLG_Notify1	skipped		library function	0	0
0x00489AF6	__NLG_Notify	skipped		library function	0	0
0x00489B10	sub_489B10	decompile	decompile/489B10.c		2	0
0x00489B20	_rand	skipped		library function	0	0
0x00489B50	_difftime	skipped		library function	0	0
0x00489B70	_time	skipped		library function	0	0
0x00489D00	??3@YAXPAX@Z	skipped		library function	0	0
0x00489D90	_vsprintf	skipped		library function	0	0
0x00489E90	??2@YAPAXI@Z	skipped		library function	0	0
0x00489EB0	_memcpy	skipped		library function	0	0
0x0048A1F0	_floor	skipped		library function	0	0
0x0048A330	__cinit	skipped		library function	0	0
0x0048A370	_exit	skipped		library function	0	0
0x0048A390	__exit	skipped		library function	0	0
0x0048A3B0	_doexit	skipped		library function	0	0
0x0048A490	__initterm	skipped		library function	0	0
0x0048A4C0	??_L@YGXPAXIHP6EX0@Z1@Z	skipped		library function	0	0
0x0048A560	??_M@YGXPAXIHP6EX0@Z@Z	skipped		library function	0	0
0x0048A610	?__ArrayUnwind@@YGXPAXIHP6EX0@Z@Z	skipped		library function	0	0
0x0048A690	sub_48A690	skipped		library function	0	0
0x0048A6C0	_strstr	skipped		library function	0	0
0x0048A740	start	skipped		library function	0	0
0x0048A8A0	__amsg_exit	skipped		library function	0	0
0x0048A8D0	_fast_error_exit	skipped		library function	0	0
0x0048A900	__callnewh	skipped		library function	0	0
0x0048A930	_memset	skipped		library function	0	0
0x0048A990	__malloc_base	skipped		library function	0	0
0x0048A9B0	__nh_malloc_base	skipped		library function	0	0
0x0048AA10	__heap_alloc_base	skipped		library function	0	0
0x0048AA70	unknown_libname_49	skipped		library function	0	0
0x0048AA80	sub_48AA80	decompile	decompile/48AA80.c		2	0
0x0048AA90	__CrtDbgReport	skipped		library function	0	0
0x0048AE20	_CrtMessageWindow	skipped		library function	0	0
0x0048B130	__expand_base	skipped		library function	0	0
0x0048B1C0	__realloc_base	skipped		library function	0	0
0x0048B390	__free_base	skipped		library function	0	0
0x0048B3E0	__heapchk	skipped		library function	0	0
0x0048B440	__heap_init	skipped		library function	0	0
0x0048B490	___sbh_heap_init	skipped		library function	0	0
0x0048B4F0	___sbh_find_block	skipped		library function	0	0
0x0048B550	___sbh_verify_block	skipped		library function	0	0
0x0048B5B0	___sbh_free_block	skipped		library function	0	0
0x0048BB80	___sbh_alloc_block	skipped		library function	0	0
0x0048C0C0	___sbh_alloc_new_region	skipped		library function	0	0
0x0048C1D0	___sbh_alloc_new_group	skipped		library function	0	0
0x0048C3C0	___sbh_resize_block	skipped		library function	0	0
0x0048C9B0	___sbh_heap_check	skipped		library function	0	0
0x0048CFD0	_sprintf	skipped		library function	0	0
0x0048D0D0	__isctype	skipped		library function	0	0
0x0048D190	__setdefaultprecision	skipped		library function	0	0
0x0048D1B0	__ms_p5_test_fdiv	skipped		library function	0	0
0x0048D210	__ms_p5_mp_test_fdiv	skipped		library function	0	0
0x0048D260	__forcdecpt	skipped		library function	0	0
0x0048D310	__cropzeros	skipped		library function	0	0
0x0048D3F0	__positive	skipped		library function	0	0
0x0048D420	__fassign	skipped		library function	0	0
0x0048D470	__cftoe	skipped		library function	0	0
0x0048D630	__cftof	skipped		library function	0	0
0x0048D7C0	__cftog	skipped		library function	0	0
0x0048D8C0	__cftoe_g	skipped		library function	0	0
0x0048D900	__cftof_g	skipped		library function	0	0
0x0048D930	__cfltcvt	skipped		library function	0	0
0x0048D990	__shift	skipped		library function	0	0
0x0048D9C0	___InternalCxxFrameHandler	skipped		library function	0	0
0x0048DAB0	?FindHandler@@YAXPAUEHExceptionRecord@@PAUEHRegistrationNode@@PAU_CONTEXT@@PAXPBU_s_FuncInfo@@EH1@Z	skipped		library function	0	0
0x0048DD50	?FindHandlerForForeignException@@YAXPAUEHExceptionRecord@@PAUEHRegistrationNode@@PAU_CONTEXT@@PAXPBU_s_FuncInfo@@HH1@Z	skipped		library function	0	0
0x0048DE70	?TypeMatch@@YAHPBU_s_HandlerType@@PBU_s_CatchableType@@PBU_s_ThrowInfo@@@Z	skipped		library function	0	0
0x0048DF30	___FrameUnwindToState	skipped		library function	0	0
0x0048E030	sub_48E030	skipped		library function	0	0
0x0048E060	unknown_libname_50	skipped		library function	0	0
0x0048E120	?CallCatchBlock@@YAPAXPAUEHExceptionRecord@@PAUEHRegistrationNode@@PAU_CONTEXT@@PBU_s_FuncInfo@@PAXHK@Z	skipped		library function	0	0
0x0048E270	?ExFilterRethrow@@YAHPAU_EXCEPTION_POINTERS@@@Z	skipped		library function	0	0
0x0048E2C0	?BuildCatchObject@@YAXPAUEHExceptionRecord@@PAUEHRegistrationNode@@PBU_s_HandlerType@@PBU_s_CatchableType@@@Z	skipped		library function	0	0
0x0048E540	?_DestructExceptionObject@@YAXPAUEHExceptionRecord@@E@Z	skipped		library function	0	0
0x0048E5D0	___AdjustPointer	skipped		library function	0	0
0x0048E620	__CallSettingFrame@12	skipped		library function	0	0
0x0048E670	sub_48E670	decompile	decompile/48E670.c		7	1
0x0048E700	sub_48E700	decompile	decompile/48E700.c		5	1
0x0048E790	___loctotime_t	skipped		library function	0	0
0x0048E880	__flsbuf	skipped		library function	0	0
0x0048EB00	__output	skipped		library function	0	0
0x0048F830	_write_char	skipped		library function	0	0
0x0048F8B0	_write_multi_char	skipped		library function	0	0
0x0048F8F0	_write_string	skipped		library function	0	0
0x0048F940	_get_int_arg	skipped		library function	0	0
0x0048F960	_get_int64_arg	skipped		library function	0	0
0x0048F980	_get_short_arg	skipped		library function	0	0
0x0048F9A0	__frnd	skipped		library function	0	0
0x0048F9C0	__handle_qnan1	skipped		library function	0	0
0x0048FA20	__except1	skipped		library function	0	0
0x0048FAE0	__raise_exc	skipped		library function	0	0
0x0048FFB0	__handle_exc	skipped		library function	0	0
0x00490330	__umatherr	skipped		library function	0	0
0x004903D0	__set_errno	skipped		library function	0	0
0x00490410	__get_fname	skipped		library function	0	0
0x00490450	__errcode	skipped		library function	0	0
0x004904D0	__set_exp	skipped		library function	0	0
0x00490510	__sptype	skipped		library function	0	0
0x00490590	__decomp	skipped		library function	0	0
0x004906D0	__statfp	skipped		library function	0	0
0x004906F0	__clrfp	skipped		library function	0	0
0x00490710	__ctrlfp	skipped		library function	0	0
0x00490750	__set_statfp	skipped		library function	0	0
0x004907D0	___initstdio	skipped		library function	0	0
0x00490900	___endstdio	skipped		library function	0	0
0x00490924	__except_handler3	skipped		library function	0	0
0x004909E1	__seh_longjmp_unwind@4	skipped		library function	0	0
0x00490A10	_strchr	skipped		library function	0	0
0x00490AD0	__XcptFilter	skipped		library function	0	0
0x00490C80	_xcptlookup	skipped		library function	0	0
0x00490CE0	__wincmdln	skipped		library function	0	0
0x00490DA0	__setenvp	skipped		library function	0	0
0x00490EF0	__setargv	skipped		library function	0	0
0x00490FD0	_parse_cmdline	skipped		library function	0	0
0x00491400	___crtGetEnvironmentStringsA	skipped		library function	0	0
0x00491620	__ioinit	skipped		library function	0	0
0x00491930	__FF_MSGBANNER	skipped		library function	0	0
0x00491980	__NMSG_WRITE	skipped		library function	0	0
0x00491B40	__itoa	skipped		library function	0	0
0x00491B90	_xtoa	skipped		library function	0	0
0x00491C60	_strlen	skipped		library function	0	0
0x00491CE0	__snprintf	skipped		library function	0	0
0x00491DE0	_strcpy	skipped		library function	0	0
0x00491DF0	_strcat	skipped		library function	0	0
0x00491ED0	__vsnprintf	skipped		library function	0	0
0x00491FD0	__alloca_probe	skipped		library function	0	0
0x00492000	_raise	skipped		library function	0	0
0x004921C0	_siglookup	skipped		library function	0	0
0x00492220	___crtMessageBoxA	skipped		library function	0	0
0x004922E0	_strncpy	skipped		library function	0	0
0x004923E0	_memcpy_0	skipped		library function	0	0
0x00492720	___crtGetStringTypeA	skipped		library function	0	0
0x004928E0	__control87	skipped		library function	0	0
0x00492930	__controlfp	skipped		library function	0	0
0x00492950	__abstract_cw	skipped		library function	0	0
0x00492AD0	__hw_cw	skipped		library function	0	0
0x00492C30	_tolower	skipped		library function	0	0
0x00492D60	__ZeroTail	skipped		library function	0	0
0x00492DF0	__IncMan	skipped		library function	0	0
0x00492EA0	__RoundMan	skipped		library function	0	0
0x00492F80	__CopyMan	skipped		library function	0	0
0x00492FD0	__FillZeroMan	skipped		library function	0	0
0x00493000	__IsZeroMan	skipped		library function	0	0
0x00493040	__ShrMan	skipped		library function	0	0
0x00493130	__ld12cvt	skipped		library function	0	0
0x00493380	sub_493380	decompile	decompile/493380.c		1	1
0x004933A0	sub_4933A0	decompile	decompile/4933A0.c		1	1
0x004933C0	sub_4933C0	decompile	decompile/4933C0.c		1	2
0x00493400	sub_493400	decompile	decompile/493400.c		1	2
0x00493440	__fptostr	skipped		library function	0	0
0x00493540	__fltout	skipped		library function	0	0
0x004935C0	___dtold	skipped		library function	0	0
0x00493730	__fptrap	skipped		library function	0	0
0x00493740	?__CxxUnhandledExceptionFilter@@YGJPAU_EXCEPTION_POINTERS@@@Z	skipped		library function	0	0
0x004937A0	?__CxxSetUnhandledExceptionFilter@@YAXXZ	skipped		library function	0	0
0x004937C0	sub_4937C0	decompile	decompile/4937C0.c		0	0
0x004937E0	?_ValidateRead@@YAHPBXI@Z	skipped		library function	0	0
0x00493810	?_ValidateWrite@@YAHPAXI@Z	skipped		library function	0	0
0x00493840	?_ValidateExecute@@YAHP6GHXZ@Z	skipped		library function	0	0
0x00493870	_strcmp	skipped		library function	0	0
0x00493900	_abort	skipped		library function	0	0
0x00493920	___tzset	skipped		library function	0	0
0x00493950	__tzset	skipped		library function	0	0
0x00493CD0	sub_493CD0	decompile	decompile/493CD0.c		1	1
0x00493FD0	_cvtdate	skipped		library function	0	0
0x004941D0	__lseek	skipped		library function	0	0
0x004942C0	__write	skipped		library function	0	0
0x00494570	__getbuf	skipped		library function	0	0
0x00494640	__isatty	skipped		library function	0	0
0x00494670	_wctomb	skipped		library function	0	0
0x00494710	__aulldiv	skipped		library function	0	0
0x00494780	__aullrem	skipped		library function	0	0
0x00494800	sub_494800	decompile	decompile/494800.c		1	0
0x00494810	_fflush	skipped		library function	0	0
0x00494870	__flush	skipped		library function	0	0
0x00494930	__flushall	skipped		library function	0	0
0x00494940	_flsall	skipped		library function	0	0
0x00494A20	__fcloseall	skipped		library function	0	0
0x00494AD0	__ismbblead	skipped		library function	0	0
0x00494AF0	_x_ismbbtype	skipped		library function	0	0
0x00494B60	__setmbcp	skipped		library function	0	0
0x00494E60	_getSystemCP	skipped		library function	0	0
0x00494EC0	_CPtoLCID	skipped		library function	0	0
0x00494F40	_setSBCS	skipped		library function	0	0
0x00494FC0	_setSBUpLow	skipped		library function	0	0
0x004952D0	___initmbctable	skipped		library function	0	0
0x00495300	___crtLCMapStringA	skipped		library function	0	0
0x00495610	___addl	skipped		library function	0	0
0x00495650	___add_12	skipped		library function	0	0
0x00495700	___shl_12	skipped		library function	0	0
0x00495760	___shr_12	skipped		library function	0	0
0x004957D0	___mtold12	skipped		library function	0	0
0x00495910	___strgtold12	skipped		library function	0	0
0x00496440	_$I10_OUTPUT	skipped		library function	0	0
0x00496960	_atol	skipped		library function	0	0
0x00496A60	_getenv	skipped		library function	0	0
0x00496B30	__dosmaperr	skipped		library function	0	0
0x00496BC0	__free_osfhnd	skipped		library function	0	0
0x00496C90	__get_osfhandle	skipped		library function	0	0
0x00496CF0	__commit	skipped		library function	0	0
0x00496DA0	_fclose	skipped		library function	0	0
0x00496E80	___ld12mul	skipped		library function	0	0
0x004972C0	___multtenpow12	skipped		library function	0	0
0x00497390	__allmul	skipped		library function	0	0
0x004973D0	__mbsnbicoll	skipped		library function	0	0
0x00497420	___wtomb_environ	skipped		library function	0	0
0x004974D0	__close	skipped		library function	0	0
0x004975C0	__freebuf	skipped		library function	0	0
0x00497660	___crtCompareStringA	skipped		library function	0	0
0x00497A60	_strncnt	skipped		library function	0	0
0x00497AB0	___crtsetenv	skipped		library function	0	0
0x00497D90	_findenv	skipped		library function	0	0
0x00497E10	_copy_environ	skipped		library function	0	0
0x00497F00	__mbschr	skipped		library function	0	0
0x00497FC6	RtlUnwind	decompile	decompile/497FC6.c		2	0
