callee_address	callee_name_navigation_only	callee_code_origin	callee_module_candidate	boundary_kinds	caller_modules	caller_function_count	assembly_callsite_count	positive_stack_argument_hint_count	retn_pop_values_hex	assembly_cleanup_class	eax_consumed_before_clobber_heuristic	ownership_review_scope	review_priority	review_status
0x004014F0	sub_4014F0	game	rendering	game_cross_module	battle	1	2	5	0x0	plain_retn_caller_or_register_abi	2	module_candidate_manual;cross_module_boundary_a2	reviewed	manual_reviewed_current_assembly
0x004019A0	sub_4019A0	game	rendering	game_cross_module	battle;special_modes	4	10	4	0x0	plain_retn_caller_or_register_abi	10	module_candidate_manual;cross_module_boundary_a2	reviewed	manual_reviewed_current_assembly
0x00401B70	sub_401B70	game	rendering	game_cross_module	asset_runtime;world_map	2	2	4	0x0	plain_retn_caller_or_register_abi	0	module_candidate_manual;cross_module_boundary_a2	reviewed	manual_reviewed_current_assembly
0x00401C70	sub_401C70	game	rendering	game_cross_module	asset_runtime;battle	3	3	1	0x0	plain_retn_caller_or_register_abi	0	module_candidate_manual;cross_module_boundary_a2	reviewed	manual_reviewed_current_assembly
0x00401E50	sub_401E50	game	rendering	game_cross_module	asset_runtime	1	1	2	0x0	plain_retn_caller_or_register_abi	0	module_candidate_manual;cross_module_boundary_a2	reviewed	manual_reviewed_current_assembly
0x00402030	sub_402030	game	world_map	game_cross_module	runtime_platform	1	1	0	0x0	plain_retn_caller_or_register_abi	0	cross_module_boundary_a2	reviewed	manual_reviewed_current_assembly
0x004020C0	sub_4020C0	game	world_map	game_cross_module	runtime_platform	1	1	0	0x0	plain_retn_caller_or_register_abi	0	cross_module_boundary_a2	reviewed	manual_reviewed_current_assembly
0x004021D0	sub_4021D0	game	world_map	game_cross_module	story_scene	2	2	0	0x0	plain_retn_caller_or_register_abi	0	cross_module_boundary_a2	reviewed	manual_reviewed_current_assembly
0x00402200	sub_402200	game	world_map	game_cross_module	story_scene	2	3	0	0x0	plain_retn_caller_or_register_abi	0	cross_module_boundary_a2	reviewed	manual_reviewed_current_assembly
0x00402230	sub_402230	game	world_map	game_cross_module	story_scene	2	2	7	0x1C	callee_pops_0x1C_bytes	4	cross_module_boundary_a2	reviewed	manual_reviewed_current_assembly
0x00402F70	sub_402F70	game	world_map	game_cross_module	story_scene	1	1	1	0x4	callee_pops_0x4_bytes	0	cross_module_boundary_a2	reviewed	manual_reviewed_current_assembly
0x00402F80	sub_402F80	game	world_map	game_cross_module	runtime_platform	1	1	0	0x0	plain_retn_caller_or_register_abi	0	critical_abi;top_level_direct;cross_module_boundary_a2	reviewed	manual_reviewed_current_assembly
0x004050E0	sub_4050E0	game	input_time_rng	game_cross_module	runtime_platform	1	1	0	0x0	plain_retn_caller_or_register_abi	0	critical_abi;top_level_direct;cross_module_boundary_a2	reviewed	manual_reviewed_current_assembly
0x00405430	sub_405430	game	world_map	game_cross_module	runtime_platform	1	1	0	0x0	plain_retn_caller_or_register_abi	0	top_level_direct;cross_module_boundary_a2	reviewed	manual_reviewed_current_assembly
0x00406D30	sub_406D30	game	special_modes	game_cross_module	runtime_platform;story_scene;world_map	4	7	0	0x0	plain_retn_caller_or_register_abi	0	top_level_direct;cross_module_boundary_a2	reviewed	manual_reviewed_current_assembly
0x00406E00	sub_406E00	game	special_modes	game_cross_module	runtime_platform	1	1	0	0x0	plain_retn_caller_or_register_abi	0	cross_module_boundary_a2	reviewed	manual_reviewed_current_assembly
0x00406E30	sub_406E30	game	special_modes	game_cross_module	runtime_platform	1	1	0	0x0	plain_retn_caller_or_register_abi	0	critical_abi;top_level_direct;cross_module_boundary_a2	reviewed	manual_reviewed_current_assembly
0x004070A0	sub_4070A0	game	persistence	game_cross_module	special_modes	1	1	0	0x0	plain_retn_caller_or_register_abi	0	critical_abi;cross_module_boundary_a2	reviewed	manual_reviewed_current_assembly
0x00409600	sub_409600	game	persistence	game_cross_module	special_modes	1	3	2	0x0	plain_retn_caller_or_register_abi	0	critical_abi;cross_module_boundary_a2	reviewed	manual_reviewed_current_assembly
0x004099C0	sub_4099C0	game	persistence	game_cross_module	special_modes	2	6	1	0x0	plain_retn_caller_or_register_abi	0	cross_module_boundary_a2	reviewed	manual_reviewed_current_assembly
0x00409A10	sub_409A10	game	persistence	game_cross_module	runtime_platform	1	1	0	0x0	plain_retn_caller_or_register_abi	0	top_level_direct;cross_module_boundary_a2	reviewed	manual_reviewed_current_assembly
0x00409B80	sub_409B80	game	persistence	game_cross_module	special_modes	1	1	0	0x0	plain_retn_caller_or_register_abi	0	cross_module_boundary_a2	reviewed	manual_reviewed_current_assembly
0x00409C10	sub_409C10	game	persistence	game_cross_module	runtime_platform	1	1	0	0x0	plain_retn_caller_or_register_abi	1	top_level_direct;cross_module_boundary_a2	reviewed	manual_reviewed_current_assembly
0x00409DD0	sub_409DD0	game	persistence	game_cross_module	special_modes	1	1	0	0x0	plain_retn_caller_or_register_abi	0	cross_module_boundary_a2	reviewed	manual_reviewed_current_assembly
0x00409EC0	_WinMain@16	game	runtime_platform	external_to_game	external_crt	1	1	4	0x10	callee_pops_0x10_bytes	0	critical_abi	reviewed	manual_reviewed_existing_assembly_evidence
0x0040AE20	sub_40AE20	game	world_map	game_cross_module	special_modes;story_scene	4	12	1	0x0	plain_retn_caller_or_register_abi	0	module_candidate_manual;cross_module_boundary_a2	reviewed	manual_reviewed_current_assembly
0x0040AEC0	sub_40AEC0	game	world_map	game_cross_module	story_scene	2	5	1	0x0	plain_retn_caller_or_register_abi	0	module_candidate_manual;cross_module_boundary_a2	reviewed	manual_reviewed_current_assembly
0x0040AFF0	sub_40AFF0	game	story_scene	game_cross_module	battle	1	3	6	0x0	plain_retn_caller_or_register_abi	0	module_candidate_manual;cross_module_boundary_a2	reviewed	manual_reviewed_current_assembly
0x0040BAA0	sub_40BAA0	game	story_scene	game_cross_module	battle	1	1	4	0x0	plain_retn_caller_or_register_abi	2	module_candidate_manual;cross_module_boundary_a2	reviewed	manual_reviewed_current_assembly
0x0040BB20	sub_40BB20	game	story_scene	game_cross_module	battle	1	3	1	0x0	plain_retn_caller_or_register_abi	0	module_candidate_manual;cross_module_boundary_a2	reviewed	manual_reviewed_current_assembly
0x0040BB50	sub_40BB50	game	world_map	game_cross_module	story_scene	1	1	4	0x0	plain_retn_caller_or_register_abi	5	module_candidate_manual;cross_module_boundary_a2	reviewed	manual_reviewed_current_assembly
0x0040C020	sub_40C020	game	world_map	game_cross_module	story_scene	1	1	1	0x0	plain_retn_caller_or_register_abi	3	module_candidate_manual;cross_module_boundary_a2	reviewed	manual_reviewed_current_assembly
0x0040C060	sub_40C060	game	world_map	game_cross_module	story_scene	2	4	1	0x0	plain_retn_caller_or_register_abi	8	module_candidate_manual;cross_module_boundary_a2	reviewed	manual_reviewed_current_assembly
0x0040C0D0	sub_40C0D0	game	world_map	game_cross_module	asset_runtime;story_scene	4	47	2	0x0	plain_retn_caller_or_register_abi	34	module_candidate_manual;cross_module_boundary_a2	reviewed	manual_reviewed_current_assembly
0x0040C130	sub_40C130	game	world_map	game_cross_module	persistence;story_scene	2	2	7	0x0	plain_retn_caller_or_register_abi	0	cross_module_boundary_a2	reviewed	manual_reviewed_current_assembly
0x0040CDD0	sub_40CDD0	game	audio_video	game_cross_module	runtime_platform	1	1	0	0x0	plain_retn_caller_or_register_abi	0	critical_abi;top_level_direct;cross_module_boundary_a2	reviewed	manual_reviewed_current_assembly
0x0040CF10	sub_40CF10	game	audio_video	game_cross_module	runtime_platform;world_map	4	11	0	0x0	plain_retn_caller_or_register_abi	0	critical_abi;top_level_direct;cross_module_boundary_a2	reviewed	manual_reviewed_current_assembly
0x0040CF40	sub_40CF40	game	audio_video	game_cross_module	world_map	1	1	1	0x0	plain_retn_caller_or_register_abi	0	cross_module_boundary_a2	reviewed	manual_reviewed_current_assembly
0x0040D0C0	sub_40D0C0	game	world_map	game_cross_module	story_scene	2	4	0	0x0	plain_retn_caller_or_register_abi	0	module_candidate_manual;cross_module_boundary_a2	reviewed	manual_reviewed_current_assembly
0x0040D160	sub_40D160	game	world_map	game_cross_module	story_scene	1	1	3	0x0	plain_retn_caller_or_register_abi	0	module_candidate_manual;cross_module_boundary_a2	reviewed	manual_reviewed_current_assembly
0x0040D200	sub_40D200	game	world_map	game_cross_module	persistence	1	1	2	0x0	plain_retn_caller_or_register_abi	0	module_candidate_manual;cross_module_boundary_a2	reviewed	manual_reviewed_current_assembly
0x0040D460	sub_40D460	game	world_map	game_cross_module	persistence;special_modes;story_scene	3	15	11	0x0	plain_retn_caller_or_register_abi	1	module_candidate_manual;cross_module_boundary_a2	reviewed	manual_reviewed_current_assembly
0x0040D560	sub_40D560	game	world_map	game_cross_module	special_modes;story_scene	4	5	2	0x0	plain_retn_caller_or_register_abi	2	module_candidate_manual;cross_module_boundary_a2	reviewed	manual_reviewed_current_assembly
0x0040D610	sub_40D610	game	world_map	game_cross_module	story_scene	1	1	1	0x0	plain_retn_caller_or_register_abi	0	module_candidate_manual;cross_module_boundary_a2	reviewed	manual_reviewed_current_assembly
0x0040D790	sub_40D790	game	world_map	game_cross_module	story_scene	1	1	7	0x0	plain_retn_caller_or_register_abi	0	module_candidate_manual;cross_module_boundary_a2	reviewed	manual_reviewed_current_assembly
0x0040DB40	sub_40DB40	game	world_map	game_cross_module	battle	1	2	0	0x0	plain_retn_caller_or_register_abi	6	module_candidate_manual;cross_module_boundary_a2	reviewed	manual_reviewed_current_assembly
0x0040DB60	sub_40DB60	game	world_map	game_cross_module	battle	1	1	1	0x0	plain_retn_caller_or_register_abi	0	module_candidate_manual;cross_module_boundary_a2	reviewed	manual_reviewed_current_assembly
0x0040DBC0	sub_40DBC0	game	world_map	game_cross_module	battle;runtime_platform	3	3	0	0x0	plain_retn_caller_or_register_abi	0	top_level_direct;cross_module_boundary_a2	reviewed	manual_reviewed_current_assembly
0x0040DC00	sub_40DC00	game	asset_runtime	game_cross_module	battle;persistence;special_modes;story_scene;world_map	15	61	1	0x0	plain_retn_caller_or_register_abi	0	module_candidate_manual;cross_module_boundary_a2	reviewed	manual_reviewed_current_assembly
0x0040DC50	sub_40DC50	game	story_scene	game_cross_module	asset_runtime;audio_video;battle;persistence;rendering;resource_io;runtime_platform;special_modes;world_map	73	154	1	0x0	plain_retn_caller_or_register_abi	155	top_level_direct;cross_module_boundary_a2	reviewed	manual_reviewed_current_assembly
0x0040DC80	sub_40DC80	game	story_scene	game_cross_module	battle;input_time_rng;persistence;rendering;resource_io;runtime_platform;special_modes;world_map	17	41	1	0x0	plain_retn_caller_or_register_abi	0	top_level_direct;cross_module_boundary_a2	reviewed	manual_reviewed_current_assembly
0x0040DCB0	sub_40DCB0	game	story_scene	game_cross_module	battle;input_time_rng;persistence;resource_io;runtime_platform;special_modes;world_map	19	78	1	0x0	plain_retn_caller_or_register_abi	2	top_level_direct;cross_module_boundary_a2	reviewed	manual_reviewed_current_assembly
0x0040DCE0	sub_40DCE0	game	story_scene	game_cross_module	world_map	1	1	2	0x0	plain_retn_caller_or_register_abi	0	module_candidate_manual;cross_module_boundary_a2	reviewed	manual_reviewed_current_assembly
0x0040DD20	sub_40DD20	game	input_time_rng	game_cross_module	asset_runtime;runtime_platform;story_scene;world_map	5	6	1	0x0	plain_retn_caller_or_register_abi	1	module_candidate_manual;cross_module_boundary_a2	reviewed	manual_reviewed_current_assembly
0x0040DD30	sub_40DD30	game	input_time_rng	game_cross_module	runtime_platform;special_modes;story_scene;world_map	5	6	0	0x0	plain_retn_caller_or_register_abi	0	module_candidate_manual;cross_module_boundary_a2	reviewed	manual_reviewed_current_assembly
0x0040DD40	sub_40DD40	game	world_map	game_cross_module	resource_io;story_scene	3	6	1	0x0	plain_retn_caller_or_register_abi	0	module_candidate_manual;cross_module_boundary_a2	reviewed	manual_reviewed_current_assembly
0x0040DE50	sub_40DE50	game	rendering	game_cross_module	story_scene	1	1	6	0x0	plain_retn_caller_or_register_abi	0	module_candidate_manual;cross_module_boundary_a2	reviewed	manual_reviewed_current_assembly
0x0040E080	sub_40E080	game	rendering	game_cross_module	persistence	1	1	1	0x0	plain_retn_caller_or_register_abi	0	module_candidate_manual;cross_module_boundary_a2	reviewed	manual_reviewed_current_assembly
0x0040E0B0	sub_40E0B0	game	world_map	game_cross_module	runtime_platform	1	1	0	0x0	plain_retn_caller_or_register_abi	0	cross_module_boundary_a2	reviewed	manual_reviewed_current_assembly
0x0040EB60	sub_40EB60	game	audio_video	game_cross_module	special_modes	1	1	2	0x0	plain_retn_caller_or_register_abi	0	module_candidate_manual;cross_module_boundary_a2	reviewed	manual_reviewed_current_assembly
0x0040EBF0	sub_40EBF0	game	asset_runtime	game_cross_module	persistence;special_modes;world_map	19	64	3	0x0	plain_retn_caller_or_register_abi	0	module_candidate_manual;cross_module_boundary_a2	reviewed	manual_reviewed_current_assembly
0x0040EC80	sub_40EC80	game	asset_runtime	game_cross_module	persistence	1	5	4	0x0	plain_retn_caller_or_register_abi	0	module_candidate_manual;cross_module_boundary_a2	reviewed	manual_reviewed_current_assembly
0x0040ECC0	sub_40ECC0	game	asset_runtime	game_cross_module	special_modes	1	1	4	0x0	plain_retn_caller_or_register_abi	0	module_candidate_manual;cross_module_boundary_a2	reviewed	manual_reviewed_current_assembly
0x0040EFD0	sub_40EFD0	game	world_map	game_cross_module	special_modes	1	1	2	0x0	plain_retn_caller_or_register_abi	1	cross_module_boundary_a2	reviewed	manual_reviewed_current_assembly
0x0040F040	sub_40F040	game	resource_io	game_cross_module	runtime_platform	1	1	0	0x0	plain_retn_caller_or_register_abi	0	module_candidate_manual;cross_module_boundary_a2	reviewed	manual_reviewed_current_assembly
0x0040F160	sub_40F160	game	world_map	game_cross_module	special_modes	1	1	1	0x0	plain_retn_caller_or_register_abi	0	cross_module_boundary_a2	reviewed	manual_reviewed_current_assembly
0x0040F280	sub_40F280	game	world_map	game_cross_module	special_modes;story_scene	2	2	1	0x0	plain_retn_caller_or_register_abi	0	cross_module_boundary_a2	reviewed	manual_reviewed_current_assembly
0x0040F340	sub_40F340	game	rendering	game_cross_module	runtime_platform	3	9	2	0x0	plain_retn_caller_or_register_abi	0	top_level_direct;cross_module_boundary_a2	reviewed	manual_reviewed_current_assembly
0x0040F3B0	sub_40F3B0	game	world_map	game_cross_module	runtime_platform	1	1	0	0x0	plain_retn_caller_or_register_abi	0	cross_module_boundary_a2	reviewed	manual_reviewed_current_assembly
0x0040F410	sub_40F410	game	world_map	game_cross_module	runtime_platform	1	1	0	0x0	plain_retn_caller_or_register_abi	0	cross_module_boundary_a2	reviewed	manual_reviewed_current_assembly
0x0040F500	sub_40F500	game	world_map	game_cross_module	runtime_platform;story_scene	3	3	0	0x0	plain_retn_caller_or_register_abi	0	top_level_direct;cross_module_boundary_a2	reviewed	manual_reviewed_current_assembly
0x0040F540	sub_40F540	game	world_map	game_cross_module	runtime_platform	2	2	0	0x0	plain_retn_caller_or_register_abi	0	top_level_direct;cross_module_boundary_a2	reviewed	manual_reviewed_current_assembly
0x0040F570	sub_40F570	game	world_map	game_cross_module	runtime_platform;story_scene	3	3	0	0x0	plain_retn_caller_or_register_abi	0	top_level_direct;cross_module_boundary_a2	reviewed	manual_reviewed_current_assembly
0x0040F5A0	sub_40F5A0	game	world_map	game_cross_module	runtime_platform	2	2	0	0x0	plain_retn_caller_or_register_abi	0	top_level_direct;cross_module_boundary_a2	reviewed	manual_reviewed_current_assembly
0x0040F5E0	sub_40F5E0	game	world_map	game_cross_module	runtime_platform	2	2	0	0x0	plain_retn_caller_or_register_abi	0	top_level_direct;cross_module_boundary_a2	reviewed	manual_reviewed_current_assembly
0x0040F630	sub_40F630	game	world_map	game_cross_module	runtime_platform	1	1	0	0x0	plain_retn_caller_or_register_abi	0	cross_module_boundary_a2	reviewed	manual_reviewed_current_assembly
0x0040F670	sub_40F670	game	world_map	game_cross_module	runtime_platform	1	1	0	0x0	plain_retn_caller_or_register_abi	0	cross_module_boundary_a2	reviewed	manual_reviewed_current_assembly
0x0040F6D0	sub_40F6D0	game	world_map	game_cross_module	runtime_platform	1	1	1	0x0	plain_retn_caller_or_register_abi	0	top_level_direct;cross_module_boundary_a2	reviewed	manual_reviewed_current_assembly
0x00411030	sub_411030	game	special_modes	game_cross_module	story_scene	1	3	3	0x0	plain_retn_caller_or_register_abi	0	module_candidate_manual;cross_module_boundary_a2	reviewed	manual_reviewed_current_assembly
0x004112B0	sub_4112B0	game	special_modes	game_cross_module	story_scene	1	3	2	0x0	plain_retn_caller_or_register_abi	4	module_candidate_manual;cross_module_boundary_a2	reviewed	manual_reviewed_current_assembly
0x00411490	sub_411490	game	world_map	game_cross_module	special_modes;story_scene	2	4	2	0x0	plain_retn_caller_or_register_abi	0	cross_module_boundary_a2	reviewed	manual_reviewed_current_assembly
0x00411530	sub_411530	game	world_map	game_cross_module	special_modes;story_scene	4	11	4	0x0	plain_retn_caller_or_register_abi	1	module_candidate_manual;cross_module_boundary_a2	reviewed	manual_reviewed_current_assembly
0x004117F0	sub_4117F0	game	rendering	game_cross_module	persistence;special_modes;world_map	4	4	3	0x0	plain_retn_caller_or_register_abi	0	module_candidate_manual;cross_module_boundary_a2	reviewed	manual_reviewed_current_assembly
0x004118B0	sub_4118B0	game	resource_io	game_cross_module	audio_video;story_scene;world_map	3	3	3	0x0	plain_retn_caller_or_register_abi	3	module_candidate_manual;cross_module_boundary_a2	reviewed	manual_reviewed_current_assembly
0x00411D00	sub_411D00	game	world_map	game_cross_module	persistence	1	1	0	0x0	plain_retn_caller_or_register_abi	0	cross_module_boundary_a2	reviewed	manual_reviewed_current_assembly
0x00411D90	sub_411D90	game	resource_io	game_cross_module	runtime_platform	2	2	0	0x0	plain_retn_caller_or_register_abi	2	top_level_direct;cross_module_boundary_a2	reviewed	manual_reviewed_current_assembly
0x00411E20	sub_411E20	game	world_map	game_cross_module	story_scene	1	1	5	0x0	plain_retn_caller_or_register_abi	3	cross_module_boundary_a2	reviewed	manual_reviewed_current_assembly
0x00411F00	sub_411F00	game	world_map	game_cross_module	story_scene	1	1	1	0x0	plain_retn_caller_or_register_abi	1	cross_module_boundary_a2	reviewed	manual_reviewed_current_assembly
0x00411F90	sub_411F90	game	runtime_platform	game_cross_module	asset_runtime;battle;resource_io;story_scene;world_map	17	31	0	0x0	plain_retn_caller_or_register_abi	0	top_level_direct;cross_module_boundary_a2	reviewed	manual_reviewed_current_assembly
0x00411FA0	sub_411FA0	game	rendering	game_cross_module	runtime_platform	1	1	0	0x0	plain_retn_caller_or_register_abi	0	critical_abi;top_level_direct;cross_module_boundary_a2	reviewed	manual_reviewed_current_assembly
0x004120B0	sub_4120B0	game	world_map	game_cross_module	runtime_platform	1	1	0	0x0	plain_retn_caller_or_register_abi	0	critical_abi;top_level_direct;cross_module_boundary_a2	reviewed	manual_reviewed_current_assembly
0x00412930	sub_412930	game	world_map	game_cross_module	asset_runtime;persistence;special_modes	3	3	0		no_retn_in_primary_body	0	module_candidate_manual;cross_module_boundary_a2	reviewed	manual_reviewed_current_assembly
0x004149B0	sub_4149B0	game	world_map	game_cross_module	special_modes	2	2	0	0x0	plain_retn_caller_or_register_abi	0	cross_module_boundary_a2	reviewed	manual_reviewed_current_assembly
0x00414B60	sub_414B60	game	rendering	game_cross_module	world_map	1	1	0	0x0	plain_retn_caller_or_register_abi	0	module_candidate_manual;cross_module_boundary_a2	reviewed	manual_reviewed_current_assembly
0x00414CE0	sub_414CE0	game	rendering	game_cross_module	battle;world_map	2	2	0	0x0	plain_retn_caller_or_register_abi	0	module_candidate_manual;cross_module_boundary_a2	reviewed	manual_reviewed_current_assembly
0x00414E50	sub_414E50	game	rendering	game_cross_module	battle;world_map	2	2	0	0x0	plain_retn_caller_or_register_abi	0	module_candidate_manual;cross_module_boundary_a2	reviewed	manual_reviewed_current_assembly
0x004153D0	sub_4153D0	game	rendering	game_cross_module	special_modes	1	1	0	0x0	plain_retn_caller_or_register_abi	0	module_candidate_manual;cross_module_boundary_a2	reviewed	manual_reviewed_current_assembly
0x004154A0	sub_4154A0	game	asset_runtime	game_cross_module	world_map	1	1	0	0x0	plain_retn_caller_or_register_abi	0	cross_module_boundary_a2	reviewed	manual_reviewed_current_assembly
0x004158C0	sub_4158C0	game	asset_runtime	game_cross_module	story_scene	1	1	0	0x0	plain_retn_caller_or_register_abi	1	cross_module_boundary_a2	reviewed	manual_reviewed_current_assembly
0x00415B70	sub_415B70	game	asset_runtime	game_cross_module	world_map	1	1	0	0x0	plain_retn_caller_or_register_abi	0	cross_module_boundary_a2	reviewed	manual_reviewed_current_assembly
0x00415EE0	sub_415EE0	game	asset_runtime	game_cross_module	world_map	1	1	3	0x0	plain_retn_caller_or_register_abi	0	cross_module_boundary_a2	reviewed	manual_reviewed_current_assembly
0x004161C0	sub_4161C0	game	asset_runtime	game_cross_module	world_map	1	1	0	0x0	plain_retn_caller_or_register_abi	0	cross_module_boundary_a2	reviewed	manual_reviewed_current_assembly
0x004163C0	sub_4163C0	game	asset_runtime	game_cross_module	world_map	1	1	0	0x0	plain_retn_caller_or_register_abi	0	cross_module_boundary_a2	reviewed	manual_reviewed_current_assembly
0x00416590	sub_416590	game	asset_runtime	game_cross_module	world_map	1	1	0	0x0	plain_retn_caller_or_register_abi	0	cross_module_boundary_a2	reviewed	manual_reviewed_current_assembly
0x004167B0	sub_4167B0	game	asset_runtime	game_cross_module	world_map	1	1	0	0x0	plain_retn_caller_or_register_abi	0	cross_module_boundary_a2	reviewed	manual_reviewed_current_assembly
0x00416B30	sub_416B30	game	asset_runtime	game_cross_module	world_map	1	1	0	0x0	plain_retn_caller_or_register_abi	0	cross_module_boundary_a2	reviewed	manual_reviewed_current_assembly
0x00416CC0	sub_416CC0	game	asset_runtime	game_cross_module	world_map	1	1	0	0x0	plain_retn_caller_or_register_abi	0	cross_module_boundary_a2	reviewed	manual_reviewed_current_assembly
0x00416D30	sub_416D30	game	rendering	game_cross_module	runtime_platform	2	2	1	0x0	plain_retn_caller_or_register_abi	1	cross_module_boundary_a2	reviewed	manual_reviewed_current_assembly
0x00416F10	sub_416F10	game	rendering	game_cross_module	battle;persistence;resource_io;runtime_platform;special_modes;story_scene;world_map	13	20	1	0x0	plain_retn_caller_or_register_abi	21	module_candidate_manual;cross_module_boundary_a2	reviewed	manual_reviewed_current_assembly
0x00416F60	sub_416F60	game	rendering	game_cross_module	battle;persistence;resource_io;runtime_platform;special_modes;story_scene;world_map	13	20	2	0x0	plain_retn_caller_or_register_abi	0	module_candidate_manual;cross_module_boundary_a2	reviewed	manual_reviewed_current_assembly
0x00416F80	sub_416F80	game	rendering	game_cross_module	runtime_platform;world_map	2	2	1	0x0	plain_retn_caller_or_register_abi	0	cross_module_boundary_a2	reviewed	manual_reviewed_current_assembly
0x00416FF0	sub_416FF0	game	rendering	game_cross_module	asset_runtime;battle;special_modes;story_scene;world_map	14	55	4	0x0	plain_retn_caller_or_register_abi	14	module_candidate_manual;cross_module_boundary_a2	reviewed	manual_reviewed_current_assembly
0x00417050	sub_417050	game	rendering	game_cross_module	battle	3	4	6	0x0	plain_retn_caller_or_register_abi	0	cross_module_boundary_a2	reviewed	manual_reviewed_current_assembly
0x004170E0	sub_4170E0	game	rendering	game_cross_module	asset_runtime;audio_video;battle;special_modes;story_scene;world_map	95	225	6	0x0	plain_retn_caller_or_register_abi	9	module_candidate_manual;cross_module_boundary_a2	reviewed	manual_reviewed_current_assembly
0x004174D0	sub_4174D0	game	rendering	game_cross_module	world_map	2	2	2	0x0	plain_retn_caller_or_register_abi	0	cross_module_boundary_a2	reviewed	manual_reviewed_current_assembly
0x00417530	sub_417530	game	rendering	game_cross_module	world_map	2	2	2	0x0	plain_retn_caller_or_register_abi	0	cross_module_boundary_a2	reviewed	manual_reviewed_current_assembly
0x004175B0	sub_4175B0	game	rendering	game_cross_module	world_map	2	2	2	0x0	plain_retn_caller_or_register_abi	0	cross_module_boundary_a2	reviewed	manual_reviewed_current_assembly
0x00417650	sub_417650	game	rendering	game_cross_module	world_map	2	2	2	0x0	plain_retn_caller_or_register_abi	0	cross_module_boundary_a2	reviewed	manual_reviewed_current_assembly
0x00417DE0	sub_417DE0	game	rendering	game_cross_module	story_scene	1	1	3	0x0	plain_retn_caller_or_register_abi	1	module_candidate_manual;cross_module_boundary_a2	reviewed	manual_reviewed_current_assembly
0x00420490	sub_420490	game	rendering	game_cross_module	asset_runtime;battle;special_modes;world_map	14	28	5	0x0	plain_retn_caller_or_register_abi	0	module_candidate_manual;cross_module_boundary_a2	reviewed	manual_reviewed_current_assembly
0x00420560	sub_420560	game	rendering	game_cross_module	battle	3	3	3	0x0	plain_retn_caller_or_register_abi	0	cross_module_boundary_a2	reviewed	manual_reviewed_current_assembly
0x00420600	sub_420600	game	rendering	game_cross_module	battle	3	3	3	0x0	plain_retn_caller_or_register_abi	0	cross_module_boundary_a2	reviewed	manual_reviewed_current_assembly
0x004206F0	sub_4206F0	game	rendering	game_cross_module	battle	3	3	3	0x0	plain_retn_caller_or_register_abi	0	cross_module_boundary_a2	reviewed	manual_reviewed_current_assembly
0x004207E0	sub_4207E0	game	rendering	game_cross_module	asset_runtime	2	7	3	0x0	plain_retn_caller_or_register_abi	0	cross_module_boundary_a2	reviewed	manual_reviewed_current_assembly
0x00421FB0	sub_421FB0	game	rendering	game_cross_module	special_modes	2	2	2	0x0	plain_retn_caller_or_register_abi	0	cross_module_boundary_a2	reviewed	manual_reviewed_current_assembly
0x00422C70	sub_422C70	game	rendering	game_cross_module	battle	2	6	4	0x0	plain_retn_caller_or_register_abi	0	cross_module_boundary_a2	reviewed	manual_reviewed_current_assembly
0x00423020	sub_423020	game	rendering	game_cross_module	battle	1	1	4	0x0	plain_retn_caller_or_register_abi	0	cross_module_boundary_a2	reviewed	manual_reviewed_current_assembly
0x004233D0	sub_4233D0	game	rendering	game_cross_module	resource_io	1	1	3	0x0	plain_retn_caller_or_register_abi	0	cross_module_boundary_a2	reviewed	manual_reviewed_current_assembly
0x004238B0	sub_4238B0	game	rendering	game_cross_module	asset_runtime;persistence;runtime_platform;story_scene;world_map	7	11	2	0x0	plain_retn_caller_or_register_abi	0	module_candidate_manual;cross_module_boundary_a2	reviewed	manual_reviewed_current_assembly
0x004238D0	sub_4238D0	game	rendering	game_cross_module	persistence	1	1	2	0x0	plain_retn_caller_or_register_abi	0	cross_module_boundary_a2	reviewed	manual_reviewed_current_assembly
0x004239D0	sub_4239D0	game	rendering	game_cross_module	asset_runtime;battle;persistence;resource_io;special_modes;world_map	26	62	3	0x0	plain_retn_caller_or_register_abi	60	module_candidate_manual;cross_module_boundary_a2	reviewed	manual_reviewed_current_assembly
0x00423A10	sub_423A10	game	resource_io	game_cross_module	runtime_platform	1	1	9	0x0	plain_retn_caller_or_register_abi	0	cross_module_boundary_a2	reviewed	manual_reviewed_current_assembly
0x00423AF0	sub_423AF0	game	resource_io	game_cross_module	special_modes	2	2	9	0x0	plain_retn_caller_or_register_abi	0	cross_module_boundary_a2	reviewed	manual_reviewed_current_assembly
0x00423E00	sub_423E00	game	resource_io	game_cross_module	special_modes	1	1	0	0x0	plain_retn_caller_or_register_abi	0	cross_module_boundary_a2	reviewed	manual_reviewed_current_assembly
0x004242B0	sub_4242B0	game	resource_io	game_cross_module	runtime_platform	1	1	1	0x0	plain_retn_caller_or_register_abi	1	cross_module_boundary_a2	reviewed	manual_reviewed_current_assembly
0x00424330	sub_424330	game	asset_runtime	game_cross_module	resource_io	1	1	0	0x0	plain_retn_caller_or_register_abi	0	module_candidate_manual;cross_module_boundary_a2	reviewed	manual_reviewed_current_assembly
0x00424390	sub_424390	game	input_time_rng	game_cross_module	resource_io;runtime_platform;special_modes	4	4	0		body_unavailable	0	module_candidate_manual;cross_module_boundary_a2	reviewed	manual_reviewed_current_assembly
0x00425040	sub_425040	game	resource_io	game_cross_module	runtime_platform	1	1	0	0x0	plain_retn_caller_or_register_abi	0	top_level_direct;cross_module_boundary_a2	reviewed	manual_reviewed_current_assembly
0x00425570	sub_425570	game	resource_io	game_cross_module	runtime_platform	1	1	1	0x0	plain_retn_caller_or_register_abi	1	module_candidate_manual;cross_module_boundary_a2	reviewed	manual_reviewed_current_assembly
0x004258E0	sub_4258E0	game	resource_io	game_cross_module	runtime_platform	1	1	0	0x0	plain_retn_caller_or_register_abi	0	cross_module_boundary_a2	reviewed	manual_reviewed_current_assembly
0x004259B0	sub_4259B0	game	resource_io	game_cross_module	runtime_platform	1	1	0	0x0	plain_retn_caller_or_register_abi	0	cross_module_boundary_a2	reviewed	manual_reviewed_current_assembly
0x00425B50	sub_425B50	game	resource_io	game_cross_module	runtime_platform;world_map	2	2	0	0x0	plain_retn_caller_or_register_abi	0	cross_module_boundary_a2	reviewed	manual_reviewed_current_assembly
0x004267E0	sub_4267E0	game	resource_io	game_cross_module	persistence	1	4	3	0x0	plain_retn_caller_or_register_abi	4	module_candidate_manual;cross_module_boundary_a2	reviewed	manual_reviewed_current_assembly
0x00426820	sub_426820	game	resource_io	game_cross_module	asset_runtime;persistence;world_map	6	11	4	0x0	plain_retn_caller_or_register_abi	0	module_candidate_manual;cross_module_boundary_a2	reviewed	manual_reviewed_current_assembly
0x004272D0	unknown_libname_39	crt	external_crt	game_to_external	world_map	1	1	0		body_unavailable	0	external_contract	reviewed	manual_reviewed_current_assembly
0x00427300	sub_427300	game	world_map	game_cross_module	runtime_platform	1	1	0	0x0	plain_retn_caller_or_register_abi	0	critical_abi;top_level_direct;cross_module_boundary_a2	reviewed	manual_reviewed_current_assembly
0x00427920	sub_427920	game	story_scene	game_cross_module	runtime_platform	1	1	1	0x0	plain_retn_caller_or_register_abi	0	critical_abi;top_level_direct;cross_module_boundary_a2	reviewed	manual_reviewed_current_assembly
0x0042D920	sub_42D920	game	story_scene	game_cross_module	world_map	2	2	1	0x0	plain_retn_caller_or_register_abi	1	cross_module_boundary_a2	reviewed	manual_reviewed_current_assembly
0x0042E790	sub_42E790	game	story_scene	game_cross_module	special_modes	1	1	7	0x0	plain_retn_caller_or_register_abi	1	cross_module_boundary_a2	reviewed	manual_reviewed_current_assembly
0x0042E850	sub_42E850	game	rendering	game_cross_module	battle;persistence;special_modes;story_scene	29	65	7	0x0	plain_retn_caller_or_register_abi	2	module_candidate_manual;cross_module_boundary_a2	reviewed	manual_reviewed_current_assembly
0x0042ED40	sub_42ED40	game	story_scene	game_cross_module	battle;world_map	2	2	0	0x0	plain_retn_caller_or_register_abi	0	cross_module_boundary_a2	reviewed	manual_reviewed_current_assembly
0x00430230	sub_430230	game	story_scene	game_cross_module	world_map	1	5	5	0x0	plain_retn_caller_or_register_abi	0	cross_module_boundary_a2	reviewed	manual_reviewed_current_assembly
0x004302F0	sub_4302F0	game	story_scene	game_cross_module	world_map	1	13	6	0x0	plain_retn_caller_or_register_abi	0	cross_module_boundary_a2	reviewed	manual_reviewed_current_assembly
0x004303D0	sub_4303D0	game	rendering	game_cross_module	battle;runtime_platform	2	2	4	0x0	plain_retn_caller_or_register_abi	0	top_level_direct;cross_module_boundary_a2	reviewed	manual_reviewed_current_assembly
0x004306C0	sub_4306C0	game	rendering	game_cross_module	special_modes	4	4	5	0x0	plain_retn_caller_or_register_abi	0	cross_module_boundary_a2	reviewed	manual_reviewed_current_assembly
0x004308C0	sub_4308C0	game	rendering	game_cross_module	battle;world_map	2	3	3	0x0	plain_retn_caller_or_register_abi	0	cross_module_boundary_a2	reviewed	manual_reviewed_current_assembly
0x00430B60	sub_430B60	game	rendering	game_cross_module	battle;story_scene	2	2	4	0x0	plain_retn_caller_or_register_abi	0	cross_module_boundary_a2	reviewed	manual_reviewed_current_assembly
0x00430BE0	sub_430BE0	game	runtime_platform	game_cross_module	special_modes;story_scene	3	12	2	0x0	plain_retn_caller_or_register_abi	1	module_candidate_manual;cross_module_boundary_a2	reviewed	manual_reviewed_current_assembly
0x00430C60	sub_430C60	game	asset_runtime	game_cross_module	battle;story_scene	3	3	6	0x18	callee_pops_0x18_bytes	2	cross_module_boundary_a2	reviewed	manual_reviewed_current_assembly
0x00430CF0	sub_430CF0	game	asset_runtime	game_cross_module	battle;world_map	3	3	0	0x0	plain_retn_caller_or_register_abi	0	cross_module_boundary_a2	reviewed	manual_reviewed_current_assembly
0x00430D10	sub_430D10	game	asset_runtime	game_cross_module	battle	1	4	2	0x8	callee_pops_0x8_bytes	0	cross_module_boundary_a2	reviewed	manual_reviewed_current_assembly
0x00430D50	sub_430D50	game	asset_runtime	game_cross_module	battle	1	2	1	0x4	callee_pops_0x4_bytes	0	cross_module_boundary_a2	reviewed	manual_reviewed_current_assembly
0x00430D80	sub_430D80	game	asset_runtime	game_cross_module	battle	1	2	1	0x4	callee_pops_0x4_bytes	0	cross_module_boundary_a2	reviewed	manual_reviewed_current_assembly
0x00430EB0	sub_430EB0	game	asset_runtime	game_cross_module	battle	1	2	0	0x0	plain_retn_caller_or_register_abi	1	cross_module_boundary_a2	reviewed	manual_reviewed_current_assembly
0x00430FF0	sub_430FF0	game	asset_runtime	game_cross_module	battle;story_scene	2	3	4	0x10	callee_pops_0x10_bytes	0	cross_module_boundary_a2	reviewed	manual_reviewed_current_assembly
0x00431150	sub_431150	game	asset_runtime	game_cross_module	battle	7	7	5	0x0	plain_retn_caller_or_register_abi	0	cross_module_boundary_a2	reviewed	manual_reviewed_current_assembly
0x004311C0	sub_4311C0	game	asset_runtime	game_cross_module	rendering	5	7	3	0x0	plain_retn_caller_or_register_abi	0	cross_module_boundary_a2	reviewed	manual_reviewed_current_assembly
0x004315D0	sub_4315D0	game	asset_runtime	game_cross_module	audio_video;battle;rendering;special_modes;story_scene;world_map	80	136	2	0x0	plain_retn_caller_or_register_abi	143	critical_abi;cross_module_boundary_a2	reviewed	manual_reviewed_current_assembly
0x00431760	sub_431760	game	asset_runtime	game_cross_module	battle	4	6	2	0x0	plain_retn_caller_or_register_abi	6	cross_module_boundary_a2	reviewed	manual_reviewed_current_assembly
0x00431960	sub_431960	game	asset_runtime	game_cross_module	battle;runtime_platform;special_modes;world_map	6	8	0	0x0	plain_retn_caller_or_register_abi	0	top_level_direct;cross_module_boundary_a2	reviewed	manual_reviewed_current_assembly
0x00431A20	sub_431A20	game	asset_runtime	game_cross_module	world_map	1	1	2	0x0	plain_retn_caller_or_register_abi	1	cross_module_boundary_a2	reviewed	manual_reviewed_current_assembly
0x004321E0	sub_4321E0	game	asset_runtime	game_cross_module	audio_video;battle;persistence;rendering;special_modes;story_scene;world_map	95	154	1	0x0	plain_retn_caller_or_register_abi	118	critical_abi;cross_module_boundary_a2	reviewed	manual_reviewed_current_assembly
0x00433010	sub_433010	game	asset_runtime	game_cross_module	battle;runtime_platform;world_map	5	5	0	0x0	plain_retn_caller_or_register_abi	0	top_level_direct;cross_module_boundary_a2	reviewed	manual_reviewed_current_assembly
0x00433080	sub_433080	game	asset_runtime	game_cross_module	world_map	1	1	1	0x0	plain_retn_caller_or_register_abi	0	cross_module_boundary_a2	reviewed	manual_reviewed_current_assembly
0x00433320	sub_433320	game	asset_runtime	game_cross_module	battle	1	1	3	0x0	plain_retn_caller_or_register_abi	1	cross_module_boundary_a2	reviewed	manual_reviewed_current_assembly
0x00433AA0	sub_433AA0	game	asset_runtime	game_cross_module	battle	1	3	5	0x0	plain_retn_caller_or_register_abi	3	cross_module_boundary_a2	reviewed	manual_reviewed_current_assembly
0x00433D70	sub_433D70	game	asset_runtime	game_cross_module	battle	2	2	0	0x0	plain_retn_caller_or_register_abi	0	cross_module_boundary_a2	reviewed	manual_reviewed_current_assembly
0x00433DC0	sub_433DC0	game	asset_runtime	game_cross_module	battle	1	1	1	0x4	callee_pops_0x4_bytes	0	cross_module_boundary_a2	reviewed	manual_reviewed_current_assembly
0x00433F30	sub_433F30	game	asset_runtime	game_cross_module	battle	3	5	2	0x8	callee_pops_0x8_bytes	0	cross_module_boundary_a2	reviewed	manual_reviewed_current_assembly
0x00433F70	sub_433F70	game	asset_runtime	game_cross_module	battle	4	5	3	0xC	callee_pops_0xC_bytes	0	cross_module_boundary_a2	reviewed	manual_reviewed_current_assembly
0x00434350	sub_434350	game	asset_runtime	game_cross_module	battle	8	8	1	0x4	callee_pops_0x4_bytes	0	cross_module_boundary_a2	reviewed	manual_reviewed_current_assembly
0x004344E0	sub_4344E0	game	asset_runtime	game_cross_module	battle	1	1	2	0x8	callee_pops_0x8_bytes	0	cross_module_boundary_a2	reviewed	manual_reviewed_current_assembly
0x00434790	sub_434790	game	asset_runtime	game_cross_module	audio_video;battle	3	3	2	0x8	callee_pops_0x8_bytes	3	cross_module_boundary_a2	reviewed	manual_reviewed_current_assembly
0x004351F0	sub_4351F0	game	rendering	game_cross_module	runtime_platform	2	6	0	0x0	plain_retn_caller_or_register_abi	0	cross_module_boundary_a2	reviewed	manual_reviewed_current_assembly
0x004355B0	sub_4355B0	game	rendering	game_cross_module	asset_runtime;story_scene	2	3	2	0x8	callee_pops_0x8_bytes	0	cross_module_boundary_a2	reviewed	manual_reviewed_current_assembly
0x00435620	sub_435620	game	rendering	game_cross_module	special_modes	3	10	4	0x10	callee_pops_0x10_bytes	0	cross_module_boundary_a2	reviewed	manual_reviewed_current_assembly
0x00435650	sub_435650	game	rendering	game_cross_module	battle;runtime_platform	13	23	1	0x4	callee_pops_0x4_bytes	0	top_level_direct;cross_module_boundary_a2	reviewed	manual_reviewed_current_assembly
0x00435660	sub_435660	game	rendering	game_cross_module	asset_runtime;battle;persistence;special_modes;story_scene;world_map	19	53	1	0x4	callee_pops_0x4_bytes	0	module_candidate_manual;cross_module_boundary_a2	reviewed	manual_reviewed_current_assembly
0x00435670	sub_435670	game	rendering	game_cross_module	battle;special_modes;story_scene;world_map	14	19	1	0x4	callee_pops_0x4_bytes	0	module_candidate_manual;cross_module_boundary_a2	reviewed	manual_reviewed_current_assembly
0x00436AD0	sub_436AD0	game	rendering	game_cross_module	battle;persistence;resource_io;special_modes;story_scene;world_map	47	286	6	0x18	callee_pops_0x18_bytes	5	module_candidate_manual;cross_module_boundary_a2	reviewed	manual_reviewed_current_assembly
0x00436FB0	sub_436FB0	game	input_time_rng	game_cross_module	runtime_platform	1	1	2	0x8	callee_pops_0x8_bytes	1	critical_abi;cross_module_boundary_a2	reviewed	manual_reviewed_current_assembly
0x004372B0	sub_4372B0	game	input_time_rng	game_cross_module	resource_io;runtime_platform	2	2	0	0x0	plain_retn_caller_or_register_abi	0	critical_abi;top_level_direct;cross_module_boundary_a2	reviewed	manual_reviewed_current_assembly
0x004372D0	sub_4372D0	game	input_time_rng	game_cross_module	battle;resource_io;special_modes;world_map	11	61	1	0x4	callee_pops_0x4_bytes	77	module_candidate_manual;cross_module_boundary_a2	reviewed	manual_reviewed_current_assembly
0x004372E0	sub_4372E0	game	input_time_rng	game_cross_module	special_modes	2	2	0	0x0	plain_retn_caller_or_register_abi	2	cross_module_boundary_a2	reviewed	manual_reviewed_current_assembly
0x00437300	sub_437300	game	input_time_rng	game_cross_module	special_modes	5	5	1	0x4	callee_pops_0x4_bytes	0	cross_module_boundary_a2	reviewed	manual_reviewed_current_assembly
0x00437430	sub_437430	game	input_time_rng	game_cross_module	battle;runtime_platform	4	8	2	0x8	callee_pops_0x8_bytes	0	cross_module_boundary_a2	reviewed	manual_reviewed_current_assembly
0x004374C0	sub_4374C0	game	input_time_rng	game_cross_module	runtime_platform	1	1	1	0x8	callee_pops_0x8_bytes	0	cross_module_boundary_a2	reviewed	manual_reviewed_current_assembly
0x004374E0	sub_4374E0	game	input_time_rng	game_cross_module	runtime_platform	1	1	0	0x0	plain_retn_caller_or_register_abi	0	cross_module_boundary_a2	reviewed	manual_reviewed_current_assembly
0x00437570	sub_437570	game	rendering	game_cross_module	runtime_platform	1	1	5	0x14	callee_pops_0x14_bytes	1	cross_module_boundary_a2	reviewed	manual_reviewed_current_assembly
0x00437A50	sub_437A50	game	rendering	game_cross_module	runtime_platform	1	1	0	0x0	plain_retn_caller_or_register_abi	0	cross_module_boundary_a2	reviewed	manual_reviewed_current_assembly
0x00437AD0	sub_437AD0	game	rendering	game_cross_module	runtime_platform	1	1	0	0x0	plain_retn_caller_or_register_abi	0	cross_module_boundary_a2	reviewed	manual_reviewed_current_assembly
0x00437AE0	sub_437AE0	game	rendering	game_cross_module	runtime_platform	1	1	0	0x4	callee_pops_0x4_bytes	0	critical_abi;cross_module_boundary_a2	reviewed	manual_reviewed_current_assembly
0x00437B60	sub_437B60	game	rendering	game_cross_module	battle;runtime_platform;story_scene	3	3	2	0x8	callee_pops_0x8_bytes	6	module_candidate_manual;cross_module_boundary_a2	reviewed	manual_reviewed_current_assembly
0x00437C40	sub_437C40	game	rendering	game_cross_module	story_scene	1	2	1	0x4	callee_pops_0x4_bytes	0	cross_module_boundary_a2	reviewed	manual_reviewed_current_assembly
0x00437DF0	sub_437DF0	game	rendering	game_cross_module	audio_video;battle;persistence;resource_io;runtime_platform;special_modes;story_scene;world_map	17	26	1	0x4	callee_pops_0x4_bytes	27	critical_abi;cross_module_boundary_a2	reviewed	manual_reviewed_current_assembly
0x00437E20	sub_437E20	game	rendering	game_cross_module	runtime_platform	1	1	0	0x0	plain_retn_caller_or_register_abi	1	cross_module_boundary_a2	reviewed	manual_reviewed_current_assembly
0x00437E90	sub_437E90	game	rendering	game_cross_module	asset_runtime	1	1	2	0x8	callee_pops_0x8_bytes	0	cross_module_boundary_a2	reviewed	manual_reviewed_current_assembly
0x00437EF0	sub_437EF0	game	rendering	game_cross_module	battle	1	1	3	0x0	plain_retn_caller_or_register_abi	0	cross_module_boundary_a2	reviewed	manual_reviewed_current_assembly
0x00437F40	sub_437F40	game	rendering	game_cross_module	battle	1	1	3	0x0	plain_retn_caller_or_register_abi	0	cross_module_boundary_a2	reviewed	manual_reviewed_current_assembly
0x00437F90	sub_437F90	game	rendering	game_cross_module	battle	1	1	3	0x0	plain_retn_caller_or_register_abi	0	cross_module_boundary_a2	reviewed	manual_reviewed_current_assembly
0x00438000	sub_438000	game	resource_io	game_cross_module	audio_video;persistence;rendering;runtime_platform;story_scene;world_map	14	16	0	0x0	plain_retn_caller_or_register_abi	12	top_level_direct;cross_module_boundary_a2	reviewed	manual_reviewed_current_assembly
0x00438030	sub_438030	game	resource_io	game_cross_module	audio_video;persistence;rendering;runtime_platform;story_scene;world_map	15	28	0	0x0	plain_retn_caller_or_register_abi	0	top_level_direct;cross_module_boundary_a2	reviewed	manual_reviewed_current_assembly
0x004380B0	sub_4380B0	game	resource_io	game_cross_module	audio_video;persistence;rendering;runtime_platform;story_scene;world_map	17	21	2	0xC	callee_pops_0xC_bytes	33	critical_abi;top_level_direct;cross_module_boundary_a2	reviewed	manual_reviewed_current_assembly
0x00438150	sub_438150	game	resource_io	game_cross_module	asset_runtime;audio_video;persistence;rendering;runtime_platform;story_scene;world_map	19	32	0	0x0	plain_retn_caller_or_register_abi	6	top_level_direct;cross_module_boundary_a2	reviewed	manual_reviewed_current_assembly
0x004381E0	sub_4381E0	game	resource_io	game_cross_module	persistence;runtime_platform;world_map	4	5	0	0x0	plain_retn_caller_or_register_abi	1	top_level_direct;cross_module_boundary_a2	reviewed	manual_reviewed_current_assembly
0x00438230	sub_438230	game	resource_io	game_cross_module	persistence;runtime_platform;world_map	7	8	0	0x0	plain_retn_caller_or_register_abi	3	top_level_direct;cross_module_boundary_a2	reviewed	manual_reviewed_current_assembly
0x00438290	sub_438290	game	resource_io	game_cross_module	persistence;runtime_platform;world_map	4	5	1	0x8	callee_pops_0x8_bytes	6	top_level_direct;cross_module_boundary_a2	reviewed	manual_reviewed_current_assembly
0x004382E0	sub_4382E0	game	resource_io	game_cross_module	persistence;runtime_platform;world_map	7	8	1	0x4	callee_pops_0x4_bytes	5	top_level_direct;cross_module_boundary_a2	reviewed	manual_reviewed_current_assembly
0x00438340	sub_438340	game	resource_io	game_cross_module	audio_video;persistence;runtime_platform;world_map	6	7	0	0x0	plain_retn_caller_or_register_abi	12	module_candidate_manual;cross_module_boundary_a2	reviewed	manual_reviewed_current_assembly
0x00438360	sub_438360	game	resource_io	game_cross_module	persistence;rendering;world_map	3	5	0	0x0	plain_retn_caller_or_register_abi	0	module_candidate_manual;cross_module_boundary_a2	reviewed	manual_reviewed_current_assembly
0x00438380	sub_438380	game	resource_io	game_cross_module	asset_runtime;audio_video;persistence;runtime_platform;story_scene;world_map	15	30	2	0x8	callee_pops_0x8_bytes	5	module_candidate_manual;cross_module_boundary_a2	reviewed	manual_reviewed_current_assembly
0x004383E0	sub_4383E0	game	resource_io	game_cross_module	persistence;rendering;world_map	5	20	2	0x8	callee_pops_0x8_bytes	1	module_candidate_manual;cross_module_boundary_a2	reviewed	manual_reviewed_current_assembly
0x004384A0	sub_4384A0	game	resource_io	game_cross_module	world_map	1	1	1	0x4	callee_pops_0x4_bytes	0	cross_module_boundary_a2	reviewed	manual_reviewed_current_assembly
0x004384B0	sub_4384B0	game	resource_io	game_cross_module	asset_runtime;audio_video;persistence;rendering;runtime_platform;story_scene;world_map	15	35	1	0x4	callee_pops_0x4_bytes	5	module_candidate_manual;cross_module_boundary_a2	reviewed	manual_reviewed_current_assembly
0x004384C0	sub_4384C0	game	resource_io	game_cross_module	asset_runtime;story_scene	2	3	1	0x4	callee_pops_0x4_bytes	0	cross_module_boundary_a2	reviewed	manual_reviewed_current_assembly
0x004384D0	sub_4384D0	game	resource_io	game_cross_module	rendering	1	1	1	0x4	callee_pops_0x4_bytes	0	cross_module_boundary_a2	reviewed	manual_reviewed_current_assembly
0x00438570	sub_438570	game	resource_io	game_cross_module	persistence	1	1	2	0xC	callee_pops_0xC_bytes	0	cross_module_boundary_a2	reviewed	manual_reviewed_current_assembly
0x004385B0	sub_4385B0	game	resource_io	game_cross_module	persistence;rendering	2	19	1	0x4	callee_pops_0x4_bytes	0	cross_module_boundary_a2	reviewed	manual_reviewed_current_assembly
0x00438610	sub_438610	game	resource_io	game_cross_module	story_scene;world_map	4	6	1	0x4	callee_pops_0x4_bytes	0	cross_module_boundary_a2	reviewed	manual_reviewed_current_assembly
0x00438640	sub_438640	game	resource_io	game_cross_module	runtime_platform;story_scene;world_map	6	9	0	0x0	plain_retn_caller_or_register_abi	9	top_level_direct;cross_module_boundary_a2	reviewed	manual_reviewed_current_assembly
0x004389D0	sub_4389D0	game	resource_io	game_cross_module	special_modes	2	2	4	0x10	callee_pops_0x10_bytes	1	cross_module_boundary_a2	reviewed	manual_reviewed_current_assembly
0x00438A60	sub_438A60	game	resource_io	game_cross_module	special_modes	1	1	0	0x0	plain_retn_caller_or_register_abi	1	cross_module_boundary_a2	reviewed	manual_reviewed_current_assembly
0x00438A70	sub_438A70	game	resource_io	game_cross_module	special_modes	1	1	0	0x0	plain_retn_caller_or_register_abi	0	cross_module_boundary_a2	reviewed	manual_reviewed_current_assembly
0x00438A80	sub_438A80	game	resource_io	game_cross_module	input_time_rng	2	4	2	0x8	callee_pops_0x8_bytes	5	cross_module_boundary_a2	reviewed	manual_reviewed_current_assembly
0x00438AC0	sub_438AC0	game	resource_io	game_cross_module	special_modes	1	1	0	0x0	plain_retn_caller_or_register_abi	1	cross_module_boundary_a2	reviewed	manual_reviewed_current_assembly
0x00438AD0	sub_438AD0	game	resource_io	game_cross_module	special_modes	1	1	0	0x0	plain_retn_caller_or_register_abi	1	cross_module_boundary_a2	reviewed	manual_reviewed_current_assembly
0x00438AE0	sub_438AE0	game	resource_io	game_cross_module	special_modes	1	1	0	0x0	plain_retn_caller_or_register_abi	1	cross_module_boundary_a2	reviewed	manual_reviewed_current_assembly
0x00438AF0	sub_438AF0	game	resource_io	game_cross_module	special_modes	2	2	2	0x8	callee_pops_0x8_bytes	0	cross_module_boundary_a2	reviewed	manual_reviewed_current_assembly
0x00438B50	sub_438B50	game	input_time_rng	game_cross_module	runtime_platform	1	1	3	0x10	callee_pops_0x10_bytes	1	top_level_direct;cross_module_boundary_a2	reviewed	manual_reviewed_current_assembly
0x00438FA0	sub_438FA0	game	input_time_rng	game_cross_module	runtime_platform	1	1	1	0x0	plain_retn_caller_or_register_abi	0	top_level_direct;cross_module_boundary_a2	reviewed	manual_reviewed_current_assembly
0x00439070	sub_439070	game	input_time_rng	game_cross_module	asset_runtime;battle;rendering;special_modes;story_scene;world_map	44	137	1	0x0	plain_retn_caller_or_register_abi	134	module_candidate_manual;cross_module_boundary_a2	reviewed	manual_reviewed_current_assembly
0x00439580	sub_439580	game	resource_io	game_cross_module	persistence	1	1	5	0x0	plain_retn_caller_or_register_abi	0	module_candidate_manual;cross_module_boundary_a2	reviewed	manual_reviewed_current_assembly
0x004399E0	sub_4399E0	game	resource_io	game_cross_module	asset_runtime;persistence	3	3	4	0x0	plain_retn_caller_or_register_abi	0	critical_abi;cross_module_boundary_a2	reviewed	manual_reviewed_current_assembly
0x00439DE0	sub_439DE0	game	special_modes	game_cross_module	runtime_platform;world_map	2	2	0	0x0	plain_retn_caller_or_register_abi	0	module_candidate_manual;cross_module_boundary_a2	reviewed	manual_reviewed_current_assembly
0x00439FD0	sub_439FD0	game	special_modes	game_cross_module	runtime_platform	1	1	0	0x0	plain_retn_caller_or_register_abi	0	critical_abi;top_level_direct;cross_module_boundary_a2	reviewed	manual_reviewed_current_assembly
0x0043B110	sub_43B110	game	rendering	game_cross_module	battle;persistence;special_modes	35	86	8	0x0	plain_retn_caller_or_register_abi	0	module_candidate_manual;cross_module_boundary_a2	reviewed	manual_reviewed_current_assembly
0x0043B9E0	sub_43B9E0	game	special_modes	game_cross_module	battle	2	2	1	0x0	plain_retn_caller_or_register_abi	0	cross_module_boundary_a2	reviewed	manual_reviewed_current_assembly
0x0043BAB0	sub_43BAB0	game	rendering	game_cross_module	special_modes	9	22	8	0x0	plain_retn_caller_or_register_abi	0	module_candidate_manual;cross_module_boundary_a2	reviewed	manual_reviewed_current_assembly
0x0043C090	sub_43C090	game	special_modes	game_cross_module	persistence	1	6	1	0x0	plain_retn_caller_or_register_abi	12	cross_module_boundary_a2	reviewed	manual_reviewed_current_assembly
0x00448650	sub_448650	game	special_modes	game_cross_module	persistence	2	2	1	0x0	plain_retn_caller_or_register_abi	0	cross_module_boundary_a2	reviewed	manual_reviewed_current_assembly
0x00448700	sub_448700	game	special_modes	game_cross_module	persistence	1	1	0	0x0	plain_retn_caller_or_register_abi	0	cross_module_boundary_a2	reviewed	manual_reviewed_current_assembly
0x0044A240	nullsub_1	game	runtime_platform	game_cross_module	asset_runtime;audio_video;battle;persistence;rendering;resource_io;special_modes;story_scene;world_map	58	182	0		body_unavailable	0	module_candidate_manual;cross_module_boundary_a2	reviewed	manual_reviewed_current_assembly
0x0044B010	sub_44B010	game	special_modes	game_cross_module	persistence	1	1	0	0x0	plain_retn_caller_or_register_abi	0	cross_module_boundary_a2	reviewed	manual_reviewed_current_assembly
0x0044D0F0	sub_44D0F0	game	special_modes	game_cross_module	story_scene	1	1	4	0x0	plain_retn_caller_or_register_abi	0	cross_module_boundary_a2	reviewed	manual_reviewed_current_assembly
0x0044D2D0	sub_44D2D0	game	special_modes	game_cross_module	persistence;story_scene;world_map	4	15	4	0x0	plain_retn_caller_or_register_abi	7	module_candidate_manual;cross_module_boundary_a2	reviewed	manual_reviewed_current_assembly
0x0044D5D0	sub_44D5D0	game	special_modes	game_cross_module	persistence;world_map	2	7	0	0x0	plain_retn_caller_or_register_abi	12	cross_module_boundary_a2	reviewed	manual_reviewed_current_assembly
0x0044D620	sub_44D620	game	special_modes	game_cross_module	battle	1	1	2	0x0	plain_retn_caller_or_register_abi	0	cross_module_boundary_a2	reviewed	manual_reviewed_current_assembly
0x0044D650	sub_44D650	game	special_modes	game_cross_module	story_scene	1	2	1	0x0	plain_retn_caller_or_register_abi	2	cross_module_boundary_a2	reviewed	manual_reviewed_current_assembly
0x0044D680	sub_44D680	game	special_modes	game_cross_module	battle;story_scene	2	6	2	0x0	plain_retn_caller_or_register_abi	11	module_candidate_manual;cross_module_boundary_a2	reviewed	manual_reviewed_current_assembly
0x0044EA60	sub_44EA60	game	special_modes	game_cross_module	runtime_platform	1	1	0	0x0	plain_retn_caller_or_register_abi	0	critical_abi;top_level_direct;cross_module_boundary_a2	reviewed	manual_reviewed_current_assembly
0x00451870	unknown_libname_42	crt	external_crt	game_to_external	battle	1	1	0		body_unavailable	0	external_contract	reviewed	manual_reviewed_current_assembly
0x004518B0	unknown_libname_44	crt	external_crt	game_to_external	battle	1	1	0		body_unavailable	0	external_contract	reviewed	manual_reviewed_current_assembly
0x00451910	unknown_libname_46	crt	external_crt	game_to_external	battle	1	1	0		body_unavailable	0	external_contract	reviewed	manual_reviewed_current_assembly
0x00451A20	sub_451A20	game	battle	game_cross_module	persistence;world_map	2	2	0	0x0	plain_retn_caller_or_register_abi	0	cross_module_boundary_a2	reviewed	manual_reviewed_current_assembly
0x00451A90	sub_451A90	game	rendering	game_cross_module	battle;runtime_platform	2	2	0	0x0	plain_retn_caller_or_register_abi	0	module_candidate_manual;cross_module_boundary_a2	reviewed	manual_reviewed_current_assembly
0x00451AE0	sub_451AE0	game	rendering	game_cross_module	battle;runtime_platform	3	3	0	0x0	plain_retn_caller_or_register_abi	0	module_candidate_manual;cross_module_boundary_a2	reviewed	manual_reviewed_current_assembly
0x00451B10	sub_451B10	game	battle	game_cross_module	runtime_platform;world_map	2	2	1	0x0	plain_retn_caller_or_register_abi	0	critical_abi;top_level_direct;cross_module_boundary_a2	reviewed	manual_reviewed_current_assembly
0x0045EA30	sub_45EA30	game	battle	game_cross_module	runtime_platform	1	1	0	0x0	plain_retn_caller_or_register_abi	0	cross_module_boundary_a2	reviewed	manual_reviewed_current_assembly
0x00469D20	sub_469D20	game	battle	game_cross_module	runtime_platform	1	1	0	0x0	plain_retn_caller_or_register_abi	1	critical_abi;top_level_direct;cross_module_boundary_a2	reviewed	manual_reviewed_current_assembly
0x00476A80	sub_476A80	game	battle	game_cross_module	special_modes	4	4	2	0x0	plain_retn_caller_or_register_abi	2	cross_module_boundary_a2	reviewed	manual_reviewed_current_assembly
0x00476DB0	sub_476DB0	game	battle	game_cross_module	persistence;special_modes;story_scene;world_map	11	15	2	0x0	plain_retn_caller_or_register_abi	13	module_candidate_manual;cross_module_boundary_a2	reviewed	manual_reviewed_current_assembly
0x00477290	sub_477290	game	battle	game_cross_module	special_modes	3	3	3	0x0	plain_retn_caller_or_register_abi	1	cross_module_boundary_a2	reviewed	manual_reviewed_current_assembly
0x00477780	sub_477780	game	battle	game_cross_module	persistence;special_modes	2	5	3	0x0	plain_retn_caller_or_register_abi	0	cross_module_boundary_a2	reviewed	manual_reviewed_current_assembly
0x00477800	sub_477800	game	battle	game_cross_module	persistence;special_modes	4	5	2	0x0	plain_retn_caller_or_register_abi	7	module_candidate_manual;cross_module_boundary_a2	reviewed	manual_reviewed_current_assembly
0x00477920	sub_477920	game	battle	game_cross_module	special_modes	1	2	4	0x0	plain_retn_caller_or_register_abi	0	cross_module_boundary_a2	reviewed	manual_reviewed_current_assembly
0x004779F0	sub_4779F0	game	battle	game_cross_module	special_modes	2	2	2	0x0	plain_retn_caller_or_register_abi	5	cross_module_boundary_a2	reviewed	manual_reviewed_current_assembly
0x00477A20	sub_477A20	game	battle	game_cross_module	special_modes	1	2	3	0x0	plain_retn_caller_or_register_abi	0	cross_module_boundary_a2	reviewed	manual_reviewed_current_assembly
0x00477B40	sub_477B40	game	battle	game_cross_module	special_modes	3	3	4	0x0	plain_retn_caller_or_register_abi	0	cross_module_boundary_a2	reviewed	manual_reviewed_current_assembly
0x00478110	sub_478110	game	persistence	game_cross_module	battle;runtime_platform	2	2	0	0x0	plain_retn_caller_or_register_abi	0	module_candidate_manual;cross_module_boundary_a2	reviewed	manual_reviewed_current_assembly
0x00480AD0	sub_480AD0	game	battle	game_cross_module	special_modes	1	1	0	0x0	plain_retn_caller_or_register_abi	13	cross_module_boundary_a2	reviewed	manual_reviewed_current_assembly
0x004841B0	sub_4841B0	game	audio_video	game_cross_module	battle	1	1	1	0x4	callee_pops_0x4_bytes	1	cross_module_boundary_a2	reviewed	manual_reviewed_current_assembly
0x00484230	sub_484230	game	audio_video	game_cross_module	battle	1	1	3	0xC	callee_pops_0xC_bytes	0	cross_module_boundary_a2	reviewed	manual_reviewed_current_assembly
0x00484500	sub_484500	game	audio_video	game_cross_module	battle	8	11	2	0x8	callee_pops_0x8_bytes	0	cross_module_boundary_a2	reviewed	manual_reviewed_current_assembly
0x00484550	sub_484550	game	audio_video	game_cross_module	runtime_platform	1	1	3	0x0	plain_retn_caller_or_register_abi	0	critical_abi;cross_module_boundary_a2	reviewed	manual_reviewed_current_assembly
0x00484590	??0_ReaderWriterLock@details@Concurrency@@QAE@XZ	crt	external_crt	game_to_external	audio_video	1	1	0		body_unavailable	0	external_contract	reviewed	manual_reviewed_current_assembly
0x00484730	sub_484730	game	audio_video	game_cross_module	story_scene	1	1	2	0x0	plain_retn_caller_or_register_abi	0	cross_module_boundary_a2	reviewed	manual_reviewed_current_assembly
0x00484920	sub_484920	game	audio_video	game_cross_module	runtime_platform	1	2	0	0x0	plain_retn_caller_or_register_abi	0	top_level_direct;cross_module_boundary_a2	reviewed	manual_reviewed_current_assembly
0x00484950	sub_484950	game	audio_video	game_cross_module	runtime_platform	1	1	0	0x0	plain_retn_caller_or_register_abi	0	critical_abi;top_level_direct;cross_module_boundary_a2	reviewed	manual_reviewed_current_assembly
0x00484DA0	sub_484DA0	game	audio_video	game_cross_module	story_scene	1	1	0	0x0	plain_retn_caller_or_register_abi	1	cross_module_boundary_a2	reviewed	manual_reviewed_current_assembly
0x00484DD0	sub_484DD0	game	audio_video	game_cross_module	runtime_platform	1	1	0	0x4	callee_pops_0x4_bytes	0	cross_module_boundary_a2	reviewed	manual_reviewed_current_assembly
0x00485330	_AIL_serve@0	game	audio_video	game_cross_module	asset_runtime;battle;persistence;rendering;resource_io;runtime_platform;story_scene;world_map	25	119	0		body_unavailable	0	module_candidate_manual;cross_module_boundary_a2	reviewed	manual_reviewed_current_assembly
0x00485360	sub_485360	game	audio_video	game_cross_module	runtime_platform	1	1	1	0x4	callee_pops_0x4_bytes	0	cross_module_boundary_a2	reviewed	manual_reviewed_current_assembly
0x00485610	sub_485610	game	audio_video	game_cross_module	battle;input_time_rng;persistence;special_modes;story_scene	131	299	2	0x0	plain_retn_caller_or_register_abi	17	module_candidate_manual;cross_module_boundary_a2	reviewed	manual_reviewed_current_assembly
0x00485650	sub_485650	game	audio_video	game_cross_module	battle	23	25	2	0x0	plain_retn_caller_or_register_abi	0	module_candidate_manual;cross_module_boundary_a2	reviewed	manual_reviewed_current_assembly
0x00485670	sub_485670	game	audio_video	game_cross_module	battle	1	1	2	0x0	plain_retn_caller_or_register_abi	0	cross_module_boundary_a2	reviewed	manual_reviewed_current_assembly
0x004856C0	sub_4856C0	game	audio_video	game_cross_module	battle;special_modes	5	5	1	0x0	plain_retn_caller_or_register_abi	0	cross_module_boundary_a2	reviewed	manual_reviewed_current_assembly
0x00485710	sub_485710	game	audio_video	game_cross_module	battle;persistence;runtime_platform;special_modes;world_map	12	14	0	0x0	plain_retn_caller_or_register_abi	0	top_level_direct;cross_module_boundary_a2	reviewed	manual_reviewed_current_assembly
0x00485720	sub_485720	game	audio_video	game_cross_module	battle	1	1	1	0x0	plain_retn_caller_or_register_abi	0	cross_module_boundary_a2	reviewed	manual_reviewed_current_assembly
0x00485740	sub_485740	game	audio_video	game_cross_module	battle;runtime_platform;world_map	7	7	0	0x0	plain_retn_caller_or_register_abi	0	top_level_direct;cross_module_boundary_a2	reviewed	manual_reviewed_current_assembly
0x00485750	sub_485750	game	audio_video	game_cross_module	world_map	3	3	3	0x0	plain_retn_caller_or_register_abi	0	cross_module_boundary_a2	reviewed	manual_reviewed_current_assembly
0x00485830	sub_485830	game	audio_video	game_cross_module	battle;special_modes	3	3	0	0x0	plain_retn_caller_or_register_abi	5	cross_module_boundary_a2	reviewed	manual_reviewed_current_assembly
0x00485850	sub_485850	game	audio_video	game_cross_module	battle;runtime_platform;special_modes;story_scene	12	13	1	0x0	plain_retn_caller_or_register_abi	0	module_candidate_manual;cross_module_boundary_a2	reviewed	manual_reviewed_current_assembly
0x00485880	sub_485880	game	audio_video	game_cross_module	persistence;special_modes;story_scene	3	4	0	0x0	plain_retn_caller_or_register_abi	0	module_candidate_manual;cross_module_boundary_a2	reviewed	manual_reviewed_current_assembly
0x004858D0	sub_4858D0	game	audio_video	game_cross_module	special_modes	1	1	0	0x0	plain_retn_caller_or_register_abi	0	cross_module_boundary_a2	reviewed	manual_reviewed_current_assembly
0x00485910	sub_485910	game	audio_video	game_cross_module	special_modes	2	2	2	0x0	plain_retn_caller_or_register_abi	0	cross_module_boundary_a2	reviewed	manual_reviewed_current_assembly
0x004859B0	sub_4859B0	game	audio_video	game_cross_module	runtime_platform	1	1	1	0x4	callee_pops_0x4_bytes	0	critical_abi;cross_module_boundary_a2	reviewed	manual_reviewed_current_assembly
0x00485CE0	sub_485CE0	game	audio_video	game_cross_module	world_map	1	1	6	0x18	callee_pops_0x18_bytes	0	critical_abi;cross_module_boundary_a2	reviewed	manual_reviewed_current_assembly
0x00485E90	sub_485E90	game	audio_video	game_cross_module	world_map	1	1	1	0x4	callee_pops_0x4_bytes	0	cross_module_boundary_a2	reviewed	manual_reviewed_current_assembly
0x00485FE0	sub_485FE0	game	audio_video	game_cross_module	world_map	1	1	2	0x8	callee_pops_0x8_bytes	0	cross_module_boundary_a2	reviewed	manual_reviewed_current_assembly
0x00486030	sub_486030	game	audio_video	game_cross_module	world_map	1	1	2	0x8	callee_pops_0x8_bytes	0	cross_module_boundary_a2	reviewed	manual_reviewed_current_assembly
0x004862A0	sub_4862A0	game	audio_video	game_cross_module	runtime_platform	1	3	0	0x0	plain_retn_caller_or_register_abi	3	cross_module_boundary_a2	reviewed	manual_reviewed_current_assembly
0x004865B0	sub_4865B0	game	audio_video	game_cross_module	runtime_platform	1	1	1	0x4	callee_pops_0x4_bytes	0	cross_module_boundary_a2	reviewed	manual_reviewed_current_assembly
0x00486AB0	DirectDrawCreate	third_party	external_third_party	game_to_external	rendering	1	1	0		body_unavailable	0	external_contract	reviewed	manual_reviewed_current_assembly
0x00487AD8	DirectInputCreateA	third_party	external_third_party	game_to_external	input_time_rng	1	1	0		body_unavailable	0	external_contract	reviewed	manual_reviewed_current_assembly
0x00487ADE	ImmIsIME	third_party	external_third_party	game_to_external	input_time_rng	1	1	0		body_unavailable	0	external_contract	reviewed	manual_reviewed_current_assembly
0x00487BA0	_atexit	crt	external_crt	game_to_external	battle;world_map	6	6	0		body_unavailable	0	external_contract	reviewed	manual_reviewed_current_assembly
0x00487C10	_malloc	crt	external_crt	game_to_external	asset_runtime;audio_video;battle;input_time_rng;persistence;rendering;resource_io;runtime_platform;special_modes;story_scene;world_map	125	252	0		body_unavailable	0	external_contract	reviewed	manual_reviewed_current_assembly
0x004885A0	sub_4885A0	crt	external_crt	game_to_external	asset_runtime;audio_video;battle;input_time_rng;persistence;rendering;resource_io;runtime_platform;special_modes;story_scene;world_map	159	444	1	0x0	plain_retn_caller_or_register_abi	2	top_level_direct	reviewed	manual_reviewed_existing_assembly_evidence
0x004889B0	__msize	crt	external_crt	game_to_external	battle	1	1	0		body_unavailable	0	external_contract	reviewed	manual_reviewed_current_assembly
0x00489654	__ftol	crt	external_crt	game_to_external	asset_runtime;audio_video;battle;input_time_rng;persistence;rendering;special_modes;story_scene;world_map	32	63	0		body_unavailable	0	external_contract	reviewed	manual_reviewed_current_assembly
0x00489B10	sub_489B10	crt	external_crt	game_to_external	asset_runtime;runtime_platform	2	2	1	0x0	plain_retn_caller_or_register_abi	0	top_level_direct	reviewed	manual_reviewed_existing_assembly_evidence
0x00489B20	_rand	crt	external_crt	game_to_external	asset_runtime;world_map	4	14	0		body_unavailable	0	external_contract	reviewed	manual_reviewed_current_assembly
0x00489B50	_difftime	crt	external_crt	game_to_external	persistence	1	1	0		body_unavailable	0	external_contract	reviewed	manual_reviewed_current_assembly
0x00489B70	_time	crt	external_crt	game_to_external	asset_runtime;persistence;runtime_platform;special_modes	5	8	0		body_unavailable	0	external_contract	reviewed	manual_reviewed_current_assembly
0x00489D00	??3@YAXPAX@Z	crt	external_crt	game_to_external	asset_runtime;audio_video;battle;input_time_rng;resource_io;special_modes;story_scene;world_map	24	46	0		body_unavailable	0	external_contract	reviewed	manual_reviewed_current_assembly
0x00489D90	_vsprintf	crt	external_crt	game_to_external	story_scene	1	1	0		body_unavailable	0	external_contract	reviewed	manual_reviewed_current_assembly
0x00489E90	??2@YAPAXI@Z	crt	external_crt	game_to_external	audio_video;battle;input_time_rng;resource_io;special_modes;story_scene;world_map	19	22	0		body_unavailable	0	external_contract	reviewed	manual_reviewed_current_assembly
0x00489EB0	_memcpy	crt	external_crt	game_to_external	audio_video;input_time_rng;resource_io;story_scene;world_map	6	9	0		body_unavailable	0	external_contract	reviewed	manual_reviewed_current_assembly
0x0048A1F0	_floor	crt	external_crt	game_to_external	rendering	1	2	0		body_unavailable	0	external_contract	reviewed	manual_reviewed_current_assembly
0x0048A4C0	??_L@YGXPAXIHP6EX0@Z1@Z	crt	external_crt	game_to_external	battle	2	2	0		body_unavailable	0	external_contract	reviewed	manual_reviewed_current_assembly
0x0048A560	??_M@YGXPAXIHP6EX0@Z@Z	crt	external_crt	game_to_external	battle	2	2	0		body_unavailable	0	external_contract	reviewed	manual_reviewed_current_assembly
0x0048A6C0	_strstr	crt	external_crt	game_to_external	audio_video	2	3	0		body_unavailable	0	external_contract	reviewed	manual_reviewed_current_assembly
