audit_order	address	navigation_name	entry_family	candidate_confidence_navigation	direct_callers_navigation	direct_callees_navigation	prior_review_navigation	closure_status	closure_evidence	closure_rule
1	0x00406D30	sub_406D30	high_priority_dispatch	confirmed_boundary	0x00402F80:3;0x0040A0D0:1;0x0040A570:1;0x00427920:2;0x00446700:1;0x004490C0:2;0x0044BDA0:2	0x00409600:3;0x004099C0:3;0x00409B80:1;0x0040DC00:1	manual_reviewed_current_assembly	pending_audit		ownership and call-graph fields are navigation only; close from full LST body
2	0x00406E00	sub_406E00	high_priority_dispatch	confirmed_boundary	0x004251B0:1	0x004099C0:3	manual_reviewed_current_assembly	pending_audit		ownership and call-graph fields are navigation only; close from full LST body
3	0x00406E30	sub_406E30	high_priority_dispatch	confirmed_boundary	0x0040A570:1	0x00406EB0:1;0x00406F70:1;0x004070A0:1	manual_reviewed_current_assembly	pending_audit		ownership and call-graph fields are navigation only; close from full LST body
4	0x00406EB0	sub_406EB0	high_priority_dispatch	medium	0x00406E30:1	0x004372D0:5;0x00437300:1	mechanical_candidate_not_manually_reviewed	pending_audit		ownership and call-graph fields are navigation only; close from full LST body
5	0x00406F70	sub_406F70	high_priority_dispatch	medium	0x00406E30:1	0x0040DC50:1;0x0040DC80:1;0x0040DCB0:1	mechanical_candidate_not_manually_reviewed	pending_audit		ownership and call-graph fields are navigation only; close from full LST body
6	0x0040F890	DialogFunc	shared_dialog_and_party_helpers	confirmed_boundary		0x004103C0:2;0x00410600:1;0x00410730:5;0x00411030:1;0x00430BE0:10;0x0043B9A0:2;0x0044A240:2;0x0044D2D0:2;0x0044D680:1;0x00477780:4;0x00477920:2;0x00477A20:2;0x00487C10:2;0x004885A0:8	manual_reviewed_current_assembly	pending_audit		ownership and call-graph fields are navigation only; close from full LST body
7	0x004103C0	sub_4103C0	shared_dialog_and_party_helpers	confirmed_boundary	0x0040F890:2		manual_reviewed_current_assembly	pending_audit		ownership and call-graph fields are navigation only; close from full LST body
8	0x00410490	sub_410490	shared_dialog_and_party_helpers	confirmed_boundary	0x00410730:3	0x00487C10:1;0x004885A0:1	manual_reviewed_current_assembly	pending_audit		ownership and call-graph fields are navigation only; close from full LST body
9	0x00410600	sub_410600	shared_dialog_and_party_helpers	confirmed_boundary	0x0040F890:1	0x00487C10:1;0x004885A0:1	manual_reviewed_current_assembly	pending_audit		ownership and call-graph fields are navigation only; close from full LST body
10	0x00410730	sub_410730	shared_dialog_and_party_helpers	confirmed_boundary	0x0040F890:5	0x00410490:3;0x004112B0:1;0x00477800:2;0x004779F0:1;0x00477B40:1	manual_reviewed_current_assembly	pending_audit		ownership and call-graph fields are navigation only; close from full LST body
11	0x00411030	sub_411030	shared_dialog_and_party_helpers	confirmed_boundary	0x0040F890:1;0x00427920:3	0x00477290:1	manual_reviewed_current_assembly	pending_audit		ownership and call-graph fields are navigation only; close from full LST body
12	0x004112B0	sub_4112B0	shared_dialog_and_party_helpers	confirmed_boundary	0x00410730:1;0x00427920:3		manual_reviewed_current_assembly	pending_audit		ownership and call-graph fields are navigation only; close from full LST body
13	0x00411700	sub_411700	shared_dialog_and_party_helpers	confirmed_boundary	0x004490C0:1	0x004170E0:1;0x004239D0:1;0x004315D0:1;0x00436AD0:1;0x00438AC0:1;0x00438AD0:1;0x00438AE0:1;0x00438AF0:1;0x0043B110:1;0x00480AD0:1	manual_reviewed_current_assembly	pending_audit		ownership and call-graph fields are navigation only; close from full LST body
14	0x00439DE0	sub_439DE0	standard_modes_1_3_4_5_6	confirmed_boundary	0x0040F160:1;0x00424B90:1	0x0040DC00:18;0x0040DC50:1;0x00444FC0:1	manual_reviewed_current_assembly	platform_adapted	evidence/special-mode-global-initialization-00439de0.md	ownership and call-graph fields are navigation only; close from full LST body
15	0x00439FD0	sub_439FD0	standard_modes_1_3_4_5_6	confirmed_boundary	0x0040A570:1	0x0040DC00:4;0x00431960:3;0x0043A2A0:5;0x0043A470:1;0x0043A610:1;0x0043BA40:1;0x00485610:1	manual_reviewed_current_assembly	platform_adapted	evidence/special-mode-standard-dispatch-00439fd0.md	ownership and call-graph fields are navigation only; close from full LST body
16	0x0043A2A0	sub_43A2A0	standard_modes_1_3_4_5_6	medium	0x00439FD0:5	0x004239D0:1;0x00435660:3;0x00435670:3;0x0043A380:1;0x0043B480:1	mechanical_candidate_not_manually_reviewed	platform_adapted	evidence/special-mode-selector-initialization-0043a2a0.md	ownership and call-graph fields are navigation only; close from full LST body
17	0x0043A380	sub_43A380	standard_modes_1_3_4_5_6	medium	0x0043A2A0:1	0x0040DC50:1	mechanical_candidate_not_manually_reviewed	platform_adapted	evidence/special-mode-item-availability-0043a380.md	ownership and call-graph fields are navigation only; close from full LST body
18	0x0043A470	sub_43A470	standard_modes_1_3_4_5_6	medium	0x00439FD0:1		mechanical_candidate_not_manually_reviewed	platform_adapted	evidence/special-mode-input-dispatch-0043a470.md	ownership and call-graph fields are navigation only; close from full LST body
19	0x0043A610	sub_43A610	standard_modes_1_3_4_5_6	medium	0x00439FD0:1	0x0040DC50:4;0x0040EBF0:3;0x004117F0:1;0x004149B0:1;0x004153D0:1;0x00416F10:1;0x00416F60:1;0x00420490:1;0x00437DF0:1;0x0043A880:1;0x0043AAA0:2;0x0044A240:1	mechanical_candidate_not_manually_reviewed	platform_adapted	evidence/special-mode-frame-render-0043a610.md	ownership and call-graph fields are navigation only; close from full LST body
20	0x0043A880	sub_43A880	standard_modes_1_3_4_5_6	medium	0x0043A610:1	0x0040DC50:4;0x0040EBF0:1;0x004170E0:1;0x004315D0:1;0x004321E0:1;0x0043B080:1	mechanical_candidate_not_manually_reviewed	platform_adapted	evidence/special-mode-panel-preparation-0043a880.md	ownership and call-graph fields are navigation only; close from full LST body
21	0x0043AAA0	sub_43AAA0	standard_modes_1_3_4_5_6	medium	0x0043A610:2	0x0040ECC0:1;0x00416FF0:4;0x004239D0:1;0x00436AD0:5;0x0043B080:4;0x00477290:1	mechanical_candidate_not_manually_reviewed	platform_adapted	evidence/special-mode-transition-blocks-0043aaa0.md	ownership and call-graph fields are navigation only; close from full LST body
22	0x0043AE40	sub_43AE40	standard_modes_1_3_4_5_6	medium	0x0043C820:1;0x0043E800:1;0x00441680:2;0x004442B0:2;0x00447100:2;0x0044C160:1;0x0044EA60:1	0x0040EBF0:4;0x00416FF0:3;0x004170E0:2;0x004315D0:2;0x004321E0:2;0x0043BAB0:1;0x0044A240:2;0x00489654:2	mechanical_candidate_not_manually_reviewed	platform_adapted	evidence/special-mode-split-bar-0043ae40.md	ownership and call-graph fields are navigation only; close from full LST body
23	0x0043B080	sub_43B080	standard_modes_1_3_4_5_6	medium	0x0043A880:1;0x0043AAA0:4	0x004170E0:1;0x004315D0:1;0x004321E0:1;0x0044A240:1	mechanical_candidate_not_manually_reviewed	platform_adapted	evidence/special-mode-ghost-action-0043b080.md	ownership and call-graph fields are navigation only; close from full LST body
24	0x0043B480	sub_43B480	standard_modes_1_3_4_5_6	medium	0x0043A2A0:1;0x0043E770:1;0x00441590:1;0x004441A0:1;0x00445360:1;0x004453F0:1;0x00446FE0:1;0x0044A250:1;0x0044C0E0:1	0x0040DC50:2;0x00444FC0:1;0x00448700:1	mechanical_candidate_not_manually_reviewed	platform_adapted	evidence/special-mode-callback-binding-0043b480.md	ownership and call-graph fields are navigation only; close from full LST body
25	0x0043B980	sub_43B980	standard_modes_1_3_4_5_6	medium	0x0043BCC0:1;0x0043D530:1;0x0043E3D0:1;0x0043F000:1;0x0043F880:1;0x00441160:1;0x00442050:1;0x00444E80:1;0x00448230:1;0x0044E4A0:2		mechanical_candidate_not_manually_reviewed	platform_adapted	evidence/special-mode-forward-count-0043b980.md	ownership and call-graph fields are navigation only; close from full LST body
26	0x0043B9A0	sub_43B9A0	standard_modes_1_3_4_5_6	medium	0x0040F890:2;0x0043BCC0:1;0x0043DD20:1;0x0043DDF0:1;0x0043DED0:1;0x0043DFA0:1;0x0043E3D0:1;0x0043F880:1;0x0043F940:1;0x00440B20:1;0x00440C20:1;0x00440D20:1;0x00440E10:1;0x00441060:1;0x00441160:1;0x00441680:1;0x00442A40:1;0x00443450:1;0x00443570:1;0x00443670:1;0x004437C0:2;0x00443A60:1;0x004442B0:1;0x00445C90:1;0x00445E90:1;0x00446090:1;0x00446260:1;0x00447100:1;0x0044DF00:1;0x0044DFF0:1;0x0044E0C0:1;0x0044E1B0:1;0x0044E260:1;0x0044E330:1;0x0044E4A0:1		mechanical_candidate_not_manually_reviewed	platform_adapted	evidence/special-mode-forward-advance-0043b9a0.md	ownership and call-graph fields are navigation only; close from full LST body
27	0x0043B9C0	sub_43B9C0	standard_modes_1_3_4_5_6	medium	0x0043BCC0:1;0x004407F0:1;0x00440B20:1;0x00440C20:1;0x00440D20:1;0x00440E10:1;0x00440F00:1;0x00440FB0:1;0x00441160:1;0x00442E40:1;0x00442F40:1;0x00443450:1;0x00443570:1;0x00443670:1;0x004437C0:1;0x004438E0:1;0x004439A0:1;0x00443A60:1;0x00443B70:1;0x00443BD0:3;0x004442B0:1;0x00445430:1;0x004455E0:1;0x00445C90:1;0x00445E90:1;0x00446090:1;0x00446260:1;0x00446420:1;0x00446550:1;0x00446700:6;0x00447100:1;0x00448650:1;0x0044DF00:1;0x0044DFF0:1;0x0044E0C0:1;0x0044E1B0:1;0x0044E4A0:2		mechanical_candidate_not_manually_reviewed	platform_adapted	evidence/special-mode-forward-index-0043b9c0.md	ownership and call-graph fields are navigation only; close from full LST body
28	0x0043B9E0	sub_43B9E0	standard_modes_1_3_4_5_6	confirmed_boundary	0x0043BCC0:1;0x00440630:1;0x004407F0:1;0x00440B20:2;0x00440C20:2;0x00440D20:2;0x00440E10:2;0x00440F00:2;0x00440FB0:2;0x00441060:1;0x00441160:2;0x00441590:1;0x00442E40:1;0x00442F40:1;0x00443450:1;0x00443570:1;0x00443670:1;0x004437C0:1;0x004438E0:1;0x004439A0:1;0x00443A60:1;0x00443B70:1;0x00445430:1;0x004455E0:1;0x00445C90:1;0x00445E90:1;0x00446090:1;0x00446260:1;0x00446420:1;0x00446550:1;0x00448650:1;0x0044DF00:1;0x0044DFF0:1;0x0044E0C0:1;0x0044E1B0:1;0x0044E4A0:2;0x004655B0:1;0x004659C0:1		manual_reviewed_current_assembly	platform_adapted	evidence/special-mode-shared-text-0043b9e0.md	ownership and call-graph fields are navigation only; close from full LST body
29	0x0043BA40	sub_43BA40	standard_modes_1_3_4_5_6	medium	0x00439FD0:1;0x0044DBC0:1		mechanical_candidate_not_manually_reviewed	platform_adapted	evidence/special-mode-input-status-0043ba40.md	ownership and call-graph fields are navigation only; close from full LST body
30	0x0043BB40	sub_43BB40	standard_modes_1_3_4_5_6	medium	0x0043F880:1;0x00441060:1;0x00441160:1;0x00443A60:1		mechanical_candidate_not_manually_reviewed	platform_adapted	evidence/special-mode-window-cursor-0043bb40.md	ownership and call-graph fields are navigation only; close from full LST body
31	0x0043BB80	sub_43BB80	standard_modes_1_3_4_5_6	medium	0x0043C520:1;0x0043DD20:1;0x00440B20:1;0x00443450:1;0x004439A0:1;0x00445C90:2;0x00446550:1		mechanical_candidate_not_manually_reviewed	platform_adapted	evidence/special-mode-window-cursor-advance-0043bb80.md	ownership and call-graph fields are navigation only; close from full LST body
32	0x0043BBC0	sub_43BBC0	standard_modes_1_3_4_5_6	medium	0x0043C590:1;0x0043DDF0:1;0x00440C20:1;0x00443570:1;0x004438E0:1;0x00445E90:2;0x00446420:1		mechanical_candidate_not_manually_reviewed	platform_adapted	evidence/special-mode-window-cursor-retreat-0043bbc0.md	ownership and call-graph fields are navigation only; close from full LST body
33	0x0043BBE0	sub_43BBE0	standard_modes_1_3_4_5_6	medium	0x0043C3C0:1;0x0043DED0:1;0x00440D20:1;0x00443670:1;0x00446090:2		mechanical_candidate_not_manually_reviewed	platform_adapted	evidence/special-mode-window-page-advance-0043bbe0.md	ownership and call-graph fields are navigation only; close from full LST body
34	0x0043BC60	sub_43BC60	standard_modes_1_3_4_5_6	medium	0x0043C670:1;0x0043DFA0:1;0x00440E10:1;0x004437C0:1;0x00446260:2		mechanical_candidate_not_manually_reviewed	platform_adapted	evidence/special-mode-window-page-retreat-0043bc60.md	ownership and call-graph fields are navigation only; close from full LST body
35	0x0043BC90	sub_43BC90	standard_modes_1_3_4_5_6	medium	0x0043BCC0:1;0x0043D530:1;0x0043DD20:1;0x0043DDF0:1;0x0043DED0:1;0x0043DFA0:1;0x0043E3D0:1;0x0043F000:1;0x0043F880:1;0x00440B20:1;0x00440C20:1;0x00440D20:1;0x00440E10:1;0x00441060:1;0x00441160:1;0x00443450:1;0x00443570:1;0x00443A60:1;0x00445C90:1;0x00445E90:1;0x00446090:1;0x00446260:1		mechanical_candidate_not_manually_reviewed	platform_adapted	evidence/special-mode-bounded-forward-count-0043bc90.md	ownership and call-graph fields are navigation only; close from full LST body
36	0x0043BCC0	sub_43BCC0	standard_modes_1_3_4_5_6	medium	0x0043E080:1;0x0043E170:1;0x0043E3D0:1;0x00446700:4;0x00448650:1	0x0043B980:1;0x0043B9A0:1;0x0043B9C0:1;0x0043B9E0:1;0x0043BC90:1;0x0044D2D0:1	mechanical_candidate_not_manually_reviewed	platform_adapted	evidence/special-mode-window-selection-0043bcc0.md	ownership and call-graph fields are navigation only; close from full LST body
37	0x0043BD70	sub_43BD70	standard_modes_1_3_4_5_6	medium	0x00441680:1;0x00447100:1	0x0042E850:1;0x004306C0:1;0x0043B110:1	mechanical_candidate_not_manually_reviewed	platform_adapted	evidence/special-mode-animated-panel-0043bd70.md	ownership and call-graph fields are navigation only; close from full LST body
38	0x0043BE40	sub_43BE40	standard_modes_1_3_4_5_6	medium	0x00443BD0:1;0x00446700:1;0x0044BDA0:1		mechanical_candidate_not_manually_reviewed	platform_adapted	evidence/special-mode-value-group-0043be40.md	ownership and call-graph fields are navigation only; close from full LST body
39	0x0043BE90	sub_43BE90	standard_modes_1_3_4_5_6	medium	0x00443BD0:1;0x00446700:1	0x0040DC50:1;0x00487C10:2;0x004885A0:1	mechanical_candidate_not_manually_reviewed	platform_adapted	evidence/special-mode-filtered-records-0043be90.md	ownership and call-graph fields are navigation only; close from full LST body
40	0x0043BFC0	sub_43BFC0	standard_modes_1_3_4_5_6	medium	0x00443BD0:2;0x00446700:2	0x0042E790:1;0x00437DF0:1	mechanical_candidate_not_manually_reviewed	platform_adapted	evidence/special-mode-dialog-setup-0043bfc0.md	ownership and call-graph fields are navigation only; close from full LST body
41	0x0043C090	sub_43C090	standard_modes_1_3_4_5_6	confirmed_boundary	0x004070A0:6;0x0043C3C0:1;0x0043DA30:1;0x004407F0:1;0x00442F40:1;0x004455E0:1;0x0044B070:1		manual_reviewed_current_assembly	platform_adapted	evidence/special-mode-availability-0043c090.md	ownership and call-graph fields are navigation only; close from full LST body
42	0x0043C0D0	sub_43C0D0	standard_modes_1_3_4_5_6	medium	0x00446700:1	0x0043C9C0:1;0x0043CEF0:1;0x00476DB0:1;0x00477800:1;0x00487C10:7;0x004885A0:1	mechanical_candidate_not_manually_reviewed	platform_adapted	evidence/special-mode-runtime-initialization-0043c0d0.md	ownership and call-graph fields are navigation only; close from full LST body
43	0x0043C3C0	sub_43C3C0	standard_modes_1_3_4_5_6	medium	0x004455E0:1	0x0043BBE0:1;0x0043C090:1;0x0043C520:1;0x0043C590:1;0x0043C670:1;0x0043C760:1;0x0043CBD0:1;0x0043CC00:1;0x0043CEF0:1;0x00485610:2;0x004885A0:8	mechanical_candidate_not_manually_reviewed	platform_adapted	evidence/special-mode-runtime-input-dispatch-0043c3c0.md	ownership and call-graph fields are navigation only; close from full LST body
44	0x0043C520	sub_43C520	standard_modes_1_3_4_5_6	medium	0x0043C3C0:1	0x0043BB80:1;0x0043CBD0:1;0x0043CC00:1;0x0043CEF0:1;0x00485610:1	mechanical_candidate_not_manually_reviewed	platform_adapted	evidence/special-mode-runtime-cursor-advance-0043c520.md	ownership and call-graph fields are navigation only; close from full LST body
45	0x0043C590	sub_43C590	standard_modes_1_3_4_5_6	medium	0x0043C3C0:1	0x0043BBC0:1;0x0043CBD0:1;0x0043CC00:1;0x0043CEF0:1;0x00485610:1	mechanical_candidate_not_manually_reviewed	platform_adapted	evidence/special-mode-runtime-cursor-retreat-0043c590.md	ownership and call-graph fields are navigation only; close from full LST body
46	0x0043C670	sub_43C670	standard_modes_1_3_4_5_6	medium	0x0043C3C0:1	0x0043BC60:1;0x0043CBD0:1;0x0043CC00:1;0x0043CEF0:1;0x00485610:1	mechanical_candidate_not_manually_reviewed	platform_adapted	evidence/special-mode-runtime-page-retreat-0043c670.md	ownership and call-graph fields are navigation only; close from full LST body
47	0x0043C760	sub_43C760	standard_modes_1_3_4_5_6	medium	0x0043C3C0:1	0x0043C9C0:1;0x0043CBD0:1;0x0043CC00:1;0x0043CEF0:1;0x00485610:1	mechanical_candidate_not_manually_reviewed	platform_adapted	evidence/special-mode-runtime-mode-advance-0043c760.md	ownership and call-graph fields are navigation only; close from full LST body
48	0x0043C820	sub_43C820	standard_modes_1_3_4_5_6	medium	0x00447100:1	0x0040EBF0:1;0x004239D0:1;0x0043AE40:1;0x0043B110:1;0x0043CC20:1;0x0043D470:1	mechanical_candidate_not_manually_reviewed	platform_adapted	evidence/special-mode-runtime-render-0043c820.md	ownership and call-graph fields are navigation only; close from full LST body
49	0x0043C9C0	sub_43C9C0	standard_modes_1_3_4_5_6	medium	0x0043C0D0:1;0x0043C760:1;0x00446420:1	0x0043CBD0:1;0x0044A240:2;0x00476DB0:1;0x00487C10:1;0x004885A0:2	mechanical_candidate_not_manually_reviewed	platform_adapted	evidence/special-mode-entry-initialization-0043c9c0.md	ownership and call-graph fields are navigation only; close from full LST body
50	0x0043CBD0	sub_43CBD0	standard_modes_1_3_4_5_6	medium	0x0043C3C0:1;0x0043C520:1;0x0043C590:1;0x0043C670:1;0x0043C760:1;0x0043C9C0:1;0x00446420:1		mechanical_candidate_not_manually_reviewed	assembly_exact	evidence/special-mode-page-refresh-0043cbd0.md	ownership and call-graph fields are navigation only; close from full LST body
51	0x0043CC00	sub_43CC00	standard_modes_1_3_4_5_6	medium	0x0043C3C0:1;0x0043C520:1;0x0043C590:1;0x0043C670:1;0x0043C760:1;0x00446420:1		mechanical_candidate_not_manually_reviewed	assembly_exact	evidence/special-mode-entry-alias-0043cc00.md	ownership and call-graph fields are navigation only; close from full LST body
52	0x0043CC20	sub_43CC20	standard_modes_1_3_4_5_6	medium	0x0043C820:1	0x004306C0:1;0x00436AD0:14	mechanical_candidate_not_manually_reviewed	platform_adapted	evidence/special-mode-entry-render-0043cc20.md	ownership and call-graph fields are navigation only; close from full LST body
53	0x0043CEF0	sub_43CEF0	standard_modes_1_3_4_5_6	medium	0x0043C0D0:1;0x0043C3C0:1;0x0043C520:1;0x0043C590:1;0x0043C670:1;0x0043C760:1;0x00446420:1	0x0043D050:1;0x0044A240:1;0x00476DB0:1;0x004885A0:1	mechanical_candidate_not_manually_reviewed	platform_adapted	evidence/special-mode-entry-consumption-0043cef0.md	ownership and call-graph fields are navigation only; close from full LST body
54	0x0043D050	sub_43D050	standard_modes_1_3_4_5_6	medium	0x0043CEF0:1	0x0043D370:6;0x00476DB0:3;0x00487C10:1;0x004885A0:4	mechanical_candidate_not_manually_reviewed	platform_adapted	evidence/special-mode-selected-record-display-0043d050.md	ownership and call-graph fields are navigation only; close from full LST body
55	0x0043D370	sub_43D370	standard_modes_1_3_4_5_6	medium	0x0043D050:6	0x00439070:1	mechanical_candidate_not_manually_reviewed	platform_adapted	evidence/special-mode-derived-text-0043d370.md	ownership and call-graph fields are navigation only; close from full LST body
56	0x0043D470	sub_43D470	standard_modes_1_3_4_5_6	medium	0x0043C820:1	0x00416FF0:2;0x004170E0:2;0x004315D0:2	mechanical_candidate_not_manually_reviewed	platform_adapted	evidence/special-mode-mode-strip-0043d470.md	ownership and call-graph fields are navigation only; close from full LST body
57	0x0043D530	sub_43D530	standard_modes_1_3_4_5_6	medium		0x0043B980:1;0x0043BC90:1;0x0043F000:1;0x00476DB0:1;0x00485610:1;0x00487C10:16;0x004885A0:2	mechanical_candidate_not_manually_reviewed	platform_adapted	evidence/special-mode-database-initialization-0043d530.md	ownership and call-graph fields are navigation only; close from full LST body
58	0x0043D880	sub_43D880	standard_modes_1_3_4_5_6	medium		0x0043F080:1;0x004885A0:21	mechanical_candidate_not_manually_reviewed	platform_adapted	evidence/special-mode-database-cleanup-0043d880.md	ownership and call-graph fields are navigation only; close from full LST body
59	0x0043DA30	sub_43DA30	standard_modes_1_3_4_5_6	medium		0x0040DC50:1;0x0043C090:1;0x0043DD20:1;0x0043DDF0:2;0x0043DED0:1;0x0043DFA0:1;0x0043E080:2;0x0043E170:2;0x0043E310:2;0x0043E3D0:4;0x0043E770:2	mechanical_candidate_not_manually_reviewed	platform_adapted	evidence/special-mode-database-input-dispatch-0043da30.md	ownership and call-graph fields are navigation only; close from full LST body
60	0x0043DD20	sub_43DD20	standard_modes_1_3_4_5_6	medium	0x0043DA30:1	0x0043B9A0:1;0x0043BB80:1;0x0043BC90:1;0x0043F1E0:1;0x0043F880:1;0x00485610:2	mechanical_candidate_not_manually_reviewed	platform_adapted	evidence/special-mode-database-forward-advance-0043dd20.md	ownership and call-graph fields are navigation only; close from full LST body
61	0x0043DDF0	sub_43DDF0	standard_modes_1_3_4_5_6	medium	0x0043DA30:2	0x0040DC50:1;0x0043B9A0:1;0x0043BBC0:1;0x0043BC90:1;0x0043F1E0:1;0x0043F880:1;0x00485610:2	mechanical_candidate_not_manually_reviewed	platform_adapted	evidence/special-mode-database-forward-retreat-0043ddf0.md	ownership and call-graph fields are navigation only; close from full LST body
62	0x0043DED0	sub_43DED0	standard_modes_1_3_4_5_6	medium	0x0043DA30:1	0x0043B9A0:1;0x0043BBE0:1;0x0043BC90:1;0x0043F1E0:1;0x0043F880:1;0x00485610:2	mechanical_candidate_not_manually_reviewed	platform_adapted	evidence/special-mode-database-page-advance-0043ded0.md	ownership and call-graph fields are navigation only; close from full LST body
63	0x0043DFA0	sub_43DFA0	standard_modes_1_3_4_5_6	medium	0x0043DA30:1	0x0040DC50:1;0x0043B9A0:1;0x0043BC60:1;0x0043BC90:1;0x0043F1E0:1;0x0043F880:1;0x00485610:2	mechanical_candidate_not_manually_reviewed	platform_adapted	evidence/special-mode-database-page-retreat-0043dfa0.md	ownership and call-graph fields are navigation only; close from full LST body
64	0x0043E080	sub_43E080	standard_modes_1_3_4_5_6	medium	0x0043DA30:2	0x0040DC50:1;0x0043BCC0:1;0x0043F000:1;0x0043F1E0:1;0x0043F880:1;0x00485610:2	mechanical_candidate_not_manually_reviewed	platform_adapted	evidence/special-mode-database-page-cycle-0043e080.md	ownership and call-graph fields are navigation only; close from full LST body
65	0x0043E170	sub_43E170	standard_modes_1_3_4_5_6	medium	0x0043DA30:2	0x0043BCC0:1;0x0043F000:1;0x0043F1E0:1;0x0043F880:1;0x00485610:2	mechanical_candidate_not_manually_reviewed	platform_adapted	evidence/special-mode-database-page-source-advance-0043e170.md	ownership and call-graph fields are navigation only; close from full LST body
66	0x0043E250	sub_43E250	standard_modes_1_3_4_5_6	medium		0x0040DC50:1;0x00485610:2	mechanical_candidate_not_manually_reviewed	platform_adapted	evidence/special-mode-database-direction-cycle-0043e250.md	ownership and call-graph fields are navigation only; close from full LST body
67	0x0043E310	sub_43E310	standard_modes_1_3_4_5_6	medium	0x0043DA30:2	0x0040DC50:1;0x00485610:2	mechanical_candidate_not_manually_reviewed	platform_adapted	evidence/special-mode-database-primary-direction-0043e310.md	ownership and call-graph fields are navigation only; close from full LST body
68	0x0043E3D0	sub_43E3D0	standard_modes_1_3_4_5_6	medium	0x0043DA30:4	0x0040DC50:3;0x0043B980:1;0x0043B9A0:1;0x0043BC90:1;0x0043BCC0:1;0x0043E770:1;0x0043F1E0:1;0x0043F7C0:3;0x0043FDE0:1;0x004404D0:1;0x004405C0:1;0x0044D2D0:3;0x00485610:3;0x004885A0:2	mechanical_candidate_not_manually_reviewed	platform_adapted	evidence/special-mode-database-interaction-commit-0043e3d0.md	ownership and call-graph fields are navigation only; close from full LST body
69	0x0043E770	sub_43E770	standard_modes_1_3_4_5_6	medium	0x0043DA30:2;0x0043E3D0:1	0x0043B480:1	mechanical_candidate_not_manually_reviewed	platform_adapted	evidence/special-mode-database-interaction-exit-0043e770.md	ownership and call-graph fields are navigation only; close from full LST body
70	0x0043E800	sub_43E800	standard_modes_1_3_4_5_6	medium		0x0040DC50:4;0x0040EBF0:5;0x004170E0:1;0x004239D0:2;0x004315D0:1;0x00436AD0:8;0x0043AE40:1;0x0043B110:1;0x0043BAB0:5;0x0043FA70:4;0x004400A0:1;0x004405C0:2	mechanical_candidate_not_manually_reviewed	platform_adapted	evidence/special-mode-database-render-0043e800.md	ownership and call-graph fields are navigation only; close from full LST body
71	0x0043F000	sub_43F000	standard_modes_1_3_4_5_6	medium	0x0043D530:1;0x0043E080:1;0x0043E170:1	0x0043B980:1;0x0043BC90:1;0x0043F080:1;0x0043F0D0:1;0x0044D5D0:1	mechanical_candidate_not_manually_reviewed	platform_adapted	evidence/special-mode-database-forward-refresh-0043f000.md	ownership and call-graph fields are navigation only; close from full LST body
72	0x0043F080	sub_43F080	standard_modes_1_3_4_5_6	medium	0x0043D880:1;0x0043F000:1	0x004885A0:2	mechanical_candidate_not_manually_reviewed	platform_adapted	evidence/special-mode-database-forward-release-0043f080.md	ownership and call-graph fields are navigation only; close from full LST body
73	0x0043F0D0	sub_43F0D0	standard_modes_1_3_4_5_6	medium	0x0043F000:1	0x0043F7C0:1	mechanical_candidate_not_manually_reviewed	platform_adapted	evidence/special-mode-database-forward-build-0043f0d0.md	ownership and call-graph fields are navigation only; close from full LST body
74	0x0043F160	sub_43F160	standard_modes_1_3_4_5_6	medium	0x0043F880:1		mechanical_candidate_not_manually_reviewed	platform_adapted	evidence/special-mode-database-forward-sort-0043f160.md	ownership and call-graph fields are navigation only; close from full LST body
75	0x0043F1E0	sub_43F1E0	standard_modes_1_3_4_5_6	medium	0x0043DD20:1;0x0043DDF0:1;0x0043DED0:1;0x0043DFA0:1;0x0043E080:1;0x0043E170:1;0x0043E3D0:1	0x00476DB0:2;0x004885A0:2	mechanical_candidate_not_manually_reviewed	platform_adapted	evidence/special-mode-database-runtime-record-refresh-0043f1e0.md	ownership and call-graph fields are navigation only; close from full LST body
76	0x0043F7C0	sub_43F7C0	standard_modes_1_3_4_5_6	medium	0x0043E3D0:3;0x0043F0D0:1;0x0043F940:1		mechanical_candidate_not_manually_reviewed	platform_adapted	evidence/special-mode-database-record-filter-0043f7c0.md	ownership and call-graph fields are navigation only; close from full LST body
77	0x0043F880	sub_43F880	standard_modes_1_3_4_5_6	medium	0x0043DD20:1;0x0043DDF0:1;0x0043DED0:1;0x0043DFA0:1;0x0043E080:1;0x0043E170:1	0x0043B980:1;0x0043B9A0:1;0x0043BB40:1;0x0043BC90:1;0x0043F160:1;0x0043F940:1;0x0044D5D0:1	mechanical_candidate_not_manually_reviewed	platform_adapted	evidence/special-mode-database-window-refresh-0043f880.md	ownership and call-graph fields are navigation only; close from full LST body
78	0x0043F940	sub_43F940	standard_modes_1_3_4_5_6	medium	0x0043F880:1	0x0043B9A0:1;0x0043F7C0:1;0x0044D680:2;0x00487C10:1;0x004885A0:2	mechanical_candidate_not_manually_reviewed	platform_adapted	evidence/special-mode-synthesis-inline-record-refresh-0043f940.md	ownership and call-graph fields are navigation only; close from full LST body
79	0x0043FA70	sub_43FA70	standard_modes_1_3_4_5_6	medium	0x0043E800:4	0x0040EBF0:2;0x004239D0:3;0x00436AD0:11;0x0043B110:1;0x0043BAB0:1	mechanical_candidate_not_manually_reviewed	platform_adapted	evidence/special-mode-altar-record-panel-0043fa70.md	ownership and call-graph fields are navigation only; close from full LST body
80	0x0043FDE0	sub_43FDE0	standard_modes_1_3_4_5_6	medium	0x0043E3D0:1	0x004019A0:4;0x004315D0:4;0x004321E0:4;0x0044A240:4	mechanical_candidate_not_manually_reviewed	platform_adapted	evidence/special-mode-original-surface-preparation-0043fde0.md	ownership and call-graph fields are navigation only; close from full LST body
81	0x004400A0	sub_4400A0	standard_modes_1_3_4_5_6	medium	0x0043E800:1	0x00439070:3;0x00485610:2	mechanical_candidate_not_manually_reviewed	platform_adapted	evidence/special-mode-altar-animation-004400a0.md	ownership and call-graph fields are navigation only; close from full LST body
82	0x004404D0	sub_4404D0	standard_modes_1_3_4_5_6	medium	0x0043E3D0:1		mechanical_candidate_not_manually_reviewed	assembly_exact	evidence/special-mode-altar-attributes-004404d0.md	ownership and call-graph fields are navigation only; close from full LST body
83	0x004405C0	sub_4405C0	standard_modes_1_3_4_5_6	medium	0x0043E3D0:1;0x0043E800:2	0x004885A0:4	mechanical_candidate_not_manually_reviewed	platform_adapted	evidence/special-mode-altar-surface-release-004405c0.md	ownership and call-graph fields are navigation only; close from full LST body
84	0x00440630	sub_440630	standard_modes_1_3_4_5_6	medium		0x0043B9E0:1;0x00442050:1;0x004429B0:1;0x00487C10:3	mechanical_candidate_not_manually_reviewed	platform_adapted	evidence/special-mode-guardian-initialization-00440630.md	ownership and call-graph fields are navigation only; close from full LST body
85	0x004407F0	sub_4407F0	standard_modes_1_3_4_5_6	medium		0x0040DC50:1;0x00437300:1;0x0043B9C0:1;0x0043B9E0:1;0x0043C090:1;0x00440B20:3;0x00440C20:1;0x00440D20:1;0x00440E10:1;0x00441060:1;0x00441160:4;0x00441590:3;0x004429B0:1	mechanical_candidate_not_manually_reviewed	platform_adapted	evidence/special-mode-guardian-input-dispatch-004407f0.md	ownership and call-graph fields are navigation only; close from full LST body
86	0x00440B20	sub_440B20	standard_modes_1_3_4_5_6	medium	0x004407F0:3;0x00440FB0:1	0x0043B9A0:1;0x0043B9C0:1;0x0043B9E0:2;0x0043BB80:1;0x0043BC90:1;0x00442050:1;0x004420F0:1;0x004429B0:2;0x00485610:2	mechanical_candidate_not_manually_reviewed	platform_adapted	evidence/special-mode-guardian-selection-00440b20.md	ownership and call-graph fields are navigation only; close from full LST body
87	0x00440C20	sub_440C20	standard_modes_1_3_4_5_6	medium	0x004407F0:1;0x00440F00:1	0x0043B9A0:1;0x0043B9C0:1;0x0043B9E0:2;0x0043BBC0:1;0x0043BC90:1;0x00442050:1;0x004420F0:1;0x004429B0:2;0x00485610:2	mechanical_candidate_not_manually_reviewed	platform_adapted	evidence/special-mode-guardian-selection-retreat-00440c20.md	ownership and call-graph fields are navigation only; close from full LST body
88	0x00440D20	sub_440D20	standard_modes_1_3_4_5_6	medium	0x004407F0:1	0x0043B9A0:1;0x0043B9C0:1;0x0043B9E0:2;0x0043BBE0:1;0x0043BC90:1;0x00442050:1;0x004420F0:1;0x004429B0:2;0x00485610:2	mechanical_candidate_not_manually_reviewed	platform_adapted	evidence/special-mode-guardian-page-advance-00440d20.md	ownership and call-graph fields are navigation only; close from full LST body
89	0x00440E10	sub_440E10	standard_modes_1_3_4_5_6	medium	0x004407F0:1	0x0043B9A0:1;0x0043B9C0:1;0x0043B9E0:2;0x0043BC60:1;0x0043BC90:1;0x00442050:1;0x004420F0:1;0x004429B0:2;0x00485610:2	mechanical_candidate_not_manually_reviewed	platform_adapted	evidence/special-mode-guardian-page-retreat-00440e10.md	ownership and call-graph fields are navigation only; close from full LST body
90	0x00440F00	sub_440F00	standard_modes_1_3_4_5_6	medium		0x0043B9C0:1;0x0043B9E0:2;0x00440C20:1;0x00442050:1;0x004420F0:1;0x004429B0:2;0x00485610:2	mechanical_candidate_not_manually_reviewed	platform_adapted	evidence/special-mode-guardian-repeat-retreat-00440f00.md	ownership and call-graph fields are navigation only; close from full LST body
91	0x00440FB0	sub_440FB0	standard_modes_1_3_4_5_6	medium		0x0043B9C0:1;0x0043B9E0:2;0x00440B20:1;0x00442050:1;0x004420F0:1;0x004429B0:2;0x00485610:2	mechanical_candidate_not_manually_reviewed	platform_adapted	evidence/special-mode-guardian-repeat-advance-00440fb0.md	ownership and call-graph fields are navigation only; close from full LST body
92	0x00441060	sub_441060	standard_modes_1_3_4_5_6	medium	0x004407F0:1	0x0043B9A0:1;0x0043B9E0:1;0x0043BB40:1;0x0043BC90:1;0x00442050:1;0x004420F0:1;0x004429B0:1;0x00485610:1	mechanical_candidate_not_manually_reviewed	platform_adapted	evidence/special-mode-guardian-party-cycle-00441060.md	ownership and call-graph fields are navigation only; close from full LST body
93	0x00441160	sub_441160	standard_modes_1_3_4_5_6	medium	0x004407F0:4	0x0043B980:1;0x0043B9A0:1;0x0043B9C0:1;0x0043B9E0:2;0x0043BB40:1;0x0043BC90:1;0x00441F70:1;0x004429B0:2;0x00442D70:1;0x0044A240:1;0x0044D2D0:5;0x0044D6B0:1;0x00485610:2;0x00487C10:1;0x004885A0:1	mechanical_candidate_not_manually_reviewed	platform_adapted	evidence/special-mode-guardian-interaction-switch-00441160.md	ownership and call-graph fields are navigation only; close from full LST body
94	0x00441590	sub_441590	standard_modes_1_3_4_5_6	medium	0x004407F0:3	0x0043B480:1;0x0043B9E0:1;0x004420F0:2;0x004885A0:3	mechanical_candidate_not_manually_reviewed	platform_adapted	evidence/special-mode-guardian-interaction-commit-00441590.md	ownership and call-graph fields are navigation only; close from full LST body
95	0x00441680	sub_441680	standard_modes_1_3_4_5_6	medium		0x0040EBF0:4;0x00420490:2;0x004239D0:5;0x0042E850:2;0x004321E0:2;0x00435660:1;0x00436AD0:7;0x004372D0:1;0x0043AE40:2;0x0043B110:2;0x0043B9A0:1;0x0043BAB0:4;0x0043BD70:1;0x00442130:1;0x004425C0:1	mechanical_candidate_not_manually_reviewed	platform_adapted	evidence/special-mode-guardian-render-00441680.md	ownership and call-graph fields are navigation only; close from full LST body
96	0x00441F70	sub_441F70	standard_modes_1_3_4_5_6	medium	0x00441160:1;0x00442050:1		mechanical_candidate_not_manually_reviewed	assembly_exact	evidence/special-mode-guardian-record-filter-00441f70.md	ownership and call-graph fields are navigation only; close from full LST body
97	0x00442050	sub_442050	standard_modes_1_3_4_5_6	medium	0x00440630:1;0x00440B20:1;0x00440C20:1;0x00440D20:1;0x00440E10:1;0x00440F00:1;0x00440FB0:1;0x00441060:1	0x0043B980:1;0x00441F70:1;0x0044D5D0:1	mechanical_candidate_not_manually_reviewed	platform_adapted	evidence/special-mode-guardian-record-list-refresh-00442050.md	ownership and call-graph fields are navigation only; close from full LST body
98	0x004420F0	sub_4420F0	standard_modes_1_3_4_5_6	medium	0x00440B20:1;0x00440C20:1;0x00440D20:1;0x00440E10:1;0x00440F00:1;0x00440FB0:1;0x00441060:1;0x00441590:2	0x004885A0:1	mechanical_candidate_not_manually_reviewed	platform_adapted	evidence/special-mode-guardian-record-list-drain-004420f0.md	ownership and call-graph fields are navigation only; close from full LST body
99	0x00442130	sub_442130	standard_modes_1_3_4_5_6	medium	0x00441680:1	0x004170E0:3;0x004239D0:1;0x004315D0:3;0x00436AD0:11	mechanical_candidate_not_manually_reviewed	platform_adapted	evidence/special-mode-guardian-attribute-panel-00442130.md	ownership and call-graph fields are navigation only; close from full LST body
100	0x004425C0	sub_4425C0	standard_modes_1_3_4_5_6	medium	0x00441680:1;0x0044A280:1	0x0040EBF0:1;0x00420490:1;0x004239D0:1;0x004321E0:1;0x00436AD0:1;0x0043B110:1;0x00442960:8	mechanical_candidate_not_manually_reviewed	platform_adapted	evidence/special-mode-guardian-slot-panel-004425c0.md	ownership and call-graph fields are navigation only; close from full LST body
101	0x00442960	sub_442960	standard_modes_1_3_4_5_6	medium	0x004425C0:8	0x004170E0:1;0x004315D0:1	mechanical_candidate_not_manually_reviewed	platform_adapted	evidence/special-mode-guardian-category-icon-00442960.md	ownership and call-graph fields are navigation only; close from full LST body
102	0x004429B0	sub_4429B0	standard_modes_1_3_4_5_6	medium	0x00440630:1;0x004407F0:1;0x00440B20:2;0x00440C20:2;0x00440D20:2;0x00440E10:2;0x00440F00:2;0x00440FB0:2;0x00441060:1;0x00441160:2	0x00442A40:1;0x00442AA0:4;0x00442B10:1;0x00442CA0:1	mechanical_candidate_not_manually_reviewed	platform_adapted	evidence/special-mode-guardian-attribute-cache-refresh-004429b0.md	ownership and call-graph fields are navigation only; close from full LST body
103	0x00442A40	sub_442A40	standard_modes_1_3_4_5_6	medium	0x004429B0:1	0x0043B9A0:1	mechanical_candidate_not_manually_reviewed	platform_adapted	evidence/special-mode-guardian-attribute-seed-00442a40.md	ownership and call-graph fields are navigation only; close from full LST body
104	0x00442AA0	sub_442AA0	standard_modes_1_3_4_5_6	medium	0x004429B0:4	0x00442BC0:1;0x0044D6E0:1	mechanical_candidate_not_manually_reviewed	platform_adapted	evidence/special-mode-guardian-party-attributes-00442aa0.md	ownership and call-graph fields are navigation only; close from full LST body
105	0x00442B10	sub_442B10	standard_modes_1_3_4_5_6	medium	0x004429B0:1	0x00442BC0:1;0x0044D6E0:1	mechanical_candidate_not_manually_reviewed	platform_adapted	evidence/special-mode-guardian-selected-attributes-00442b10.md	ownership and call-graph fields are navigation only; close from full LST body
106	0x00442BC0	sub_442BC0	standard_modes_1_3_4_5_6	medium	0x00442AA0:1;0x00442B10:1		mechanical_candidate_not_manually_reviewed	platform_adapted	evidence/special-mode-guardian-party-attribute-finalize-00442bc0.md	ownership and call-graph fields are navigation only; close from full LST body
107	0x00442CA0	sub_442CA0	standard_modes_1_3_4_5_6	medium	0x004429B0:1	0x00477800:1;0x004779F0:1;0x00477B40:1	mechanical_candidate_not_manually_reviewed	platform_adapted	evidence/special-mode-guardian-attribute-summary-00442ca0.md	ownership and call-graph fields are navigation only; close from full LST body
108	0x00442D70	sub_442D70	standard_modes_1_3_4_5_6	medium	0x00441160:1	0x0044D6E0:2	mechanical_candidate_not_manually_reviewed	platform_adapted	evidence/special-mode-guardian-record-exchange-attributes-00442d70.md	ownership and call-graph fields are navigation only; close from full LST body
109	0x00442E40	sub_442E40	standard_modes_1_3_4_5_6	medium		0x0043B9C0:1;0x0043B9E0:1;0x00444E80:1;0x00444F60:1;0x00444FB0:1;0x00487C10:1	mechanical_candidate_not_manually_reviewed	platform_adapted	evidence/special-mode-equipment-initialization-00442e40.md	ownership and call-graph fields are navigation only; close from full LST body
110	0x00442F10	sub_442F10	standard_modes_1_3_4_5_6	medium	0x00443BD0:2	0x00444F00:1;0x004885A0:1	mechanical_candidate_not_manually_reviewed	platform_adapted	evidence/special-mode-equipment-cleanup-00442f10.md	ownership and call-graph fields are navigation only; close from full LST body
111	0x00442F40	sub_442F40	standard_modes_1_3_4_5_6	medium		0x0040DC50:5;0x00437300:1;0x0043B9C0:1;0x0043B9E0:1;0x0043C090:1;0x00443450:2;0x00443570:2;0x00443670:2;0x004437C0:2;0x00443A60:1;0x00443B70:1;0x00443BD0:5;0x004441A0:1;0x00485610:1	mechanical_candidate_not_manually_reviewed	platform_adapted	evidence/special-mode-equipment-input-dispatch-00442f40.md	ownership and call-graph fields are navigation only; close from full LST body
112	0x00443450	sub_443450	standard_modes_1_3_4_5_6	medium	0x00442F40:2	0x0043B9A0:1;0x0043B9C0:1;0x0043B9E0:1;0x0043BB80:1;0x0043BC90:1;0x00485610:1	mechanical_candidate_not_manually_reviewed	platform_adapted	evidence/special-mode-equipment-advance-00443450.md	ownership and call-graph fields are navigation only; close from full LST body
113	0x00443570	sub_443570	standard_modes_1_3_4_5_6	medium	0x00442F40:2	0x0043B9A0:1;0x0043B9C0:1;0x0043B9E0:1;0x0043BBC0:1;0x0043BC90:1;0x00485610:1	mechanical_candidate_not_manually_reviewed	platform_adapted	evidence/special-mode-equipment-retreat-00443570.md	ownership and call-graph fields are navigation only; close from full LST body
114	0x00443670	sub_443670	standard_modes_1_3_4_5_6	medium	0x00442F40:2	0x0043B9A0:1;0x0043B9C0:1;0x0043B9E0:1;0x0043BBE0:1;0x00444E50:1;0x00485610:1	mechanical_candidate_not_manually_reviewed	platform_adapted	evidence/special-mode-equipment-page-advance-00443670.md	ownership and call-graph fields are navigation only; close from full LST body
115	0x004437C0	sub_4437C0	standard_modes_1_3_4_5_6	medium	0x00442F40:2	0x0043B9A0:2;0x0043B9C0:1;0x0043B9E0:1;0x0043BC60:1;0x00444E50:2;0x00485610:1	mechanical_candidate_not_manually_reviewed	platform_adapted	evidence/special-mode-equipment-page-retreat-004437c0.md	ownership and call-graph fields are navigation only; close from full LST body
116	0x004438E0	sub_4438E0	standard_modes_1_3_4_5_6	medium		0x0043B9C0:1;0x0043B9E0:1;0x0043BBC0:1;0x00485610:1	mechanical_candidate_not_manually_reviewed	platform_adapted	evidence/special-mode-equipment-column-toggle-004438e0.md	ownership and call-graph fields are navigation only; close from full LST body
117	0x004439A0	sub_4439A0	standard_modes_1_3_4_5_6	medium		0x0043B9C0:1;0x0043B9E0:1;0x0043BB80:1;0x00485610:1	mechanical_candidate_not_manually_reviewed	platform_adapted	evidence/special-mode-equipment-column-advance-004439a0.md	ownership and call-graph fields are navigation only; close from full LST body
118	0x00443A60	sub_443A60	standard_modes_1_3_4_5_6	medium	0x00442F40:1	0x0043B9A0:1;0x0043B9C0:1;0x0043B9E0:1;0x0043BB40:1;0x0043BC90:1;0x00444E80:1;0x00444F00:1;0x00444F60:1;0x00444FB0:1;0x00485610:1	mechanical_candidate_not_manually_reviewed	platform_adapted	evidence/special-mode-equipment-party-cycle-00443a60.md	ownership and call-graph fields are navigation only; close from full LST body
119	0x00443B70	sub_443B70	standard_modes_1_3_4_5_6	medium	0x00442F40:1	0x0043B9C0:1;0x0043B9E0:1;0x00444E80:1;0x00444F00:1;0x00485610:1	mechanical_candidate_not_manually_reviewed	platform_adapted	evidence/special-mode-equipment-list-kind-cycle-00443b70.md	ownership and call-graph fields are navigation only; close from full LST body
120	0x00443BD0	sub_443BD0	standard_modes_1_3_4_5_6	medium	0x00442F40:5	0x0040DC50:7;0x0043B9C0:3;0x0043BE40:1;0x0043BE90:1;0x0043BFC0:2;0x00442F10:2;0x0044D6E0:5;0x00476A80:1;0x00485610:6;0x004885A0:2	mechanical_candidate_not_manually_reviewed	platform_adapted	evidence/special-mode-equipment-commit-00443bd0.md	ownership and call-graph fields are navigation only; close from full LST body
121	0x004441A0	sub_4441A0	standard_modes_1_3_4_5_6	medium	0x00442F40:1	0x0043B480:1;0x004885A0:2	mechanical_candidate_not_manually_reviewed	platform_adapted	evidence/special-mode-equipment-exit-004441a0.md	ownership and call-graph fields are navigation only; close from full LST body
122	0x004442B0	sub_4442B0	standard_modes_1_3_4_5_6	medium		0x0040EBF0:1;0x004170E0:1;0x00420490:2;0x004239D0:6;0x0042E850:4;0x004306C0:1;0x004315D0:1;0x004321E0:1;0x00435620:2;0x00436AD0:8;0x004372D0:1;0x0043AE40:2;0x0043B110:7;0x0043B9A0:1;0x0043B9C0:1;0x0043BAB0:2;0x00476A80:1;0x00487C10:1;0x004885A0:1	mechanical_candidate_not_manually_reviewed	platform_adapted	evidence/special-mode-equipment-render-004442b0.md	ownership and call-graph fields are navigation only; close from full LST body
123	0x00444DB0	sub_444DB0	standard_modes_1_3_4_5_6	medium	0x00444E80:1		mechanical_candidate_not_manually_reviewed	platform_adapted	evidence/special-mode-equipment-record-sort-00444db0.md	ownership and call-graph fields are navigation only; close from full LST body
124	0x00444E50	sub_444E50	standard_modes_1_3_4_5_6	medium	0x00443670:1;0x004437C0:2		mechanical_candidate_not_manually_reviewed	assembly_exact	evidence/special-mode-equipment-visible-count-00444e50.md	ownership and call-graph fields are navigation only; close from full LST body
125	0x00444E80	sub_444E80	standard_modes_1_3_4_5_6	medium	0x00442E40:1;0x00443A60:1;0x00443B70:1	0x0043B980:1;0x00444DB0:1;0x0044D5D0:1	mechanical_candidate_not_manually_reviewed	platform_adapted	evidence/special-mode-equipment-record-list-rebuild-00444e80.md	ownership and call-graph fields are navigation only; close from full LST body
126	0x00444F00	sub_444F00	standard_modes_1_3_4_5_6	medium	0x00442F10:1;0x00443A60:1;0x00443B70:1	0x004885A0:1	mechanical_candidate_not_manually_reviewed	platform_adapted	evidence/special-mode-equipment-record-list-cleanup-00444f00.md	ownership and call-graph fields are navigation only; close from full LST body
127	0x00444F60	sub_444F60	standard_modes_1_3_4_5_6	medium	0x00442E40:1;0x00443A60:1	0x0040DC50:2	mechanical_candidate_not_manually_reviewed	platform_adapted	evidence/special-mode-equipment-action-count-00444f60.md	ownership and call-graph fields are navigation only; close from full LST body
128	0x00444FB0	sub_444FB0	standard_modes_1_3_4_5_6	medium	0x00442E40:1;0x00443A60:1		mechanical_candidate_not_manually_reviewed	assembly_exact	evidence/special-mode-equipment-final-action-count-00444fb0.md	ownership and call-graph fields are navigation only; close from full LST body
129	0x00444FC0	sub_444FC0	standard_modes_1_3_4_5_6	medium	0x00439DE0:1;0x0043B480:1	0x0040DC50:1	mechanical_candidate_not_manually_reviewed	assembly_exact	evidence/special-mode-callback-table-installation-00444fc0.md	ownership and call-graph fields are navigation only; close from full LST body
130	0x004450E0	sub_4450E0	standard_modes_1_3_4_5_6	medium		0x0040DC50:2;0x00445210:1;0x00445360:1;0x004453F0:1	mechanical_candidate_not_manually_reviewed	platform_adapted	evidence/special-mode-group-eight-input-004450e0.md	ownership and call-graph fields are navigation only; close from full LST body
131	0x00445210	sub_445210	standard_modes_1_3_4_5_6	medium	0x004450E0:1	0x0040DC50:1;0x00485610:2	mechanical_candidate_not_manually_reviewed	platform_adapted	evidence/special-mode-group-eight-selection-retreat-00445210.md	ownership and call-graph fields are navigation only; close from full LST body
132	0x004452B0	sub_4452B0	standard_modes_1_3_4_5_6	medium		0x0040DC50:2;0x00485610:1	mechanical_candidate_not_manually_reviewed	platform_adapted	evidence/special-mode-group-eight-selection-advance-004452b0.md	ownership and call-graph fields are navigation only; close from full LST body
133	0x00445360	sub_445360	standard_modes_1_3_4_5_6	medium	0x004450E0:1	0x0040DC50:1;0x0043B480:1;0x00485610:1	mechanical_candidate_not_manually_reviewed	platform_adapted	evidence/special-mode-group-eight-selection-commit-00445360.md	ownership and call-graph fields are navigation only; close from full LST body
134	0x004453F0	sub_4453F0	standard_modes_1_3_4_5_6	medium	0x004450E0:1	0x0043B480:1	mechanical_candidate_not_manually_reviewed	platform_adapted	evidence/special-mode-group-eight-exit-004453f0.md	ownership and call-graph fields are navigation only; close from full LST body
135	0x00445420	sub_445420	standard_modes_1_3_4_5_6	medium			mechanical_candidate_not_manually_reviewed	platform_adapted	evidence/special-mode-group-eight-draw-dispatch-00445420.md	ownership and call-graph fields are navigation only; close from full LST body
136	0x00445430	sub_445430	standard_modes_1_3_4_5_6	medium		0x0040DC00:1;0x0040DC50:4;0x0043B9C0:1;0x0043B9E0:1;0x00448230:1;0x00487C10:1	mechanical_candidate_not_manually_reviewed	platform_adapted	evidence/special-mode-group-eight-first-selection-initialization-00445430.md	ownership and call-graph fields are navigation only; close from full LST body
137	0x004455A0	sub_4455A0	standard_modes_1_3_4_5_6	medium	0x00446700:3;0x00446FE0:1	0x004482E0:1;0x004885A0:1	mechanical_candidate_not_manually_reviewed	platform_adapted	evidence/special-mode-group-eight-shared-cleanup-004455a0.md	ownership and call-graph fields are navigation only; close from full LST body
138	0x004455E0	sub_4455E0	standard_modes_1_3_4_5_6	medium		0x0040DC50:1;0x00437300:1;0x0043B9C0:1;0x0043B9E0:1;0x0043C090:1;0x0043C3C0:1;0x00445C90:2;0x00445E90:2;0x00446090:2;0x00446260:2;0x00446420:1;0x00446700:7;0x00446FE0:4;0x00485610:3	mechanical_candidate_not_manually_reviewed	platform_adapted	evidence/special-mode-group-eight-main-input-004455e0.md	ownership and call-graph fields are navigation only; close from full LST body
139	0x00445C90	sub_445C90	standard_modes_1_3_4_5_6	medium	0x004455E0:2	0x0043B9A0:1;0x0043B9C0:1;0x0043B9E0:1;0x0043BB80:2;0x0043BC90:1;0x00485610:2	mechanical_candidate_not_manually_reviewed	platform_adapted	evidence/special-mode-group-eight-advance-control-00445c90.md	ownership and call-graph fields are navigation only; close from full LST body
140	0x00445E90	sub_445E90	standard_modes_1_3_4_5_6	medium	0x004455E0:2	0x0043B9A0:1;0x0043B9C0:1;0x0043B9E0:1;0x0043BBC0:2;0x0043BC90:1;0x00485610:2	mechanical_candidate_not_manually_reviewed	platform_adapted	evidence/special-mode-group-eight-retreat-control-00445e90.md	ownership and call-graph fields are navigation only; close from full LST body
141	0x00446090	sub_446090	standard_modes_1_3_4_5_6	medium	0x004455E0:2	0x0043B9A0:1;0x0043B9C0:1;0x0043B9E0:1;0x0043BBE0:2;0x0043BC90:1;0x00485610:2	mechanical_candidate_not_manually_reviewed	platform_adapted	evidence/special-mode-group-eight-page-advance-00446090.md	ownership and call-graph fields are navigation only; close from full LST body
142	0x00446260	sub_446260	standard_modes_1_3_4_5_6	medium	0x004455E0:2	0x0043B9A0:1;0x0043B9C0:1;0x0043B9E0:1;0x0043BC60:2;0x0043BC90:1;0x00485610:2	mechanical_candidate_not_manually_reviewed	platform_adapted	evidence/special-mode-group-eight-page-retreat-00446260.md	ownership and call-graph fields are navigation only; close from full LST body
143	0x00446420	sub_446420	standard_modes_1_3_4_5_6	medium	0x004455E0:1	0x0043B9C0:1;0x0043B9E0:1;0x0043BBC0:1;0x0043C9C0:1;0x0043CBD0:1;0x0043CC00:1;0x0043CEF0:1;0x00448230:1;0x004482E0:1;0x00485610:2	mechanical_candidate_not_manually_reviewed	platform_adapted	evidence/special-mode-group-eight-mode-retreat-00446420.md	ownership and call-graph fields are navigation only; close from full LST body
144	0x00446550	sub_446550	standard_modes_1_3_4_5_6	medium		0x0043B9C0:1;0x0043B9E0:1;0x0043BB80:1;0x00448230:1;0x004482E0:1;0x00485610:1	mechanical_candidate_not_manually_reviewed	platform_adapted	evidence/special-mode-group-eight-mode-advance-00446550.md	ownership and call-graph fields are navigation only; close from full LST body
145	0x00446680	sub_446680	standard_modes_1_3_4_5_6	medium			mechanical_candidate_not_manually_reviewed	platform_adapted	evidence/special-mode-selection-publish-runtime-advance-00446680.md	ownership and call-graph fields are navigation only; close from full LST body
146	0x004466A0	sub_4466A0	standard_modes_1_3_4_5_6	medium		0x00485610:1	mechanical_candidate_not_manually_reviewed	platform_adapted	evidence/special-mode-selection-cycle-runtime-advance-004466a0.md	ownership and call-graph fields are navigation only; close from full LST body
147	0x00446700	sub_446700	standard_modes_1_3_4_5_6	medium	0x004455E0:7	0x00406D30:1;0x0040D560:1;0x0040DC50:7;0x00437DF0:1;0x0043B9C0:6;0x0043BCC0:4;0x0043BE40:1;0x0043BE90:1;0x0043BFC0:2;0x0043C0D0:1;0x004455A0:3;0x00446FE0:2;0x00448230:1;0x004482E0:1;0x00448360:1;0x004485F0:1;0x0044A240:2;0x0044D2D0:6;0x0044D4E0:1;0x0044D680:1;0x0044D6E0:5;0x00476A80:1;0x00485610:9;0x00487C10:1;0x004885A0:4	mechanical_candidate_not_manually_reviewed	platform_adapted	evidence/special-mode-multiphase-commit-00446700.md	ownership and call-graph fields are navigation only; close from full LST body
148	0x00446FE0	sub_446FE0	standard_modes_1_3_4_5_6	medium	0x004455E0:4;0x00446700:2	0x0043B480:1;0x004455A0:1;0x004885A0:2	mechanical_candidate_not_manually_reviewed	platform_adapted	evidence/special-mode-interaction-exit-00446fe0.md	ownership and call-graph fields are navigation only; close from full LST body
149	0x00447100	sub_447100	standard_modes_1_3_4_5_6	medium		0x0040D560:1;0x0040EBF0:5;0x0040EFD0:1;0x00420490:2;0x004239D0:4;0x0042E850:5;0x004321E0:3;0x00435620:6;0x00435660:1;0x00436AD0:13;0x004372D0:1;0x0043AE40:2;0x0043B110:11;0x0043B9A0:1;0x0043B9C0:1;0x0043BAB0:3;0x0043BD70:1;0x0043C820:1;0x00487C10:2;0x004885A0:2	mechanical_candidate_not_manually_reviewed	platform_adapted	evidence/special-mode-group-one-render-00447100.md	ownership and call-graph fields are navigation only; close from full LST body
150	0x00448020	sub_448020	standard_modes_1_3_4_5_6	medium	0x00448230:1	0x0040DC50:1;0x0044A240:1;0x00487C10:2;0x004885A0:2	mechanical_candidate_not_manually_reviewed	platform_adapted	evidence/special-mode-selection-record-clone-00448020.md	ownership and call-graph fields are navigation only; close from full LST body
151	0x00448230	sub_448230	standard_modes_1_3_4_5_6	medium	0x00445430:1;0x00446420:1;0x00446550:1;0x00446700:1	0x0043B980:1;0x00448020:1;0x0044D5D0:1;0x004885A0:2	mechanical_candidate_not_manually_reviewed	platform_adapted	evidence/special-mode-selection-record-initialization-00448230.md	ownership and call-graph fields are navigation only; close from full LST body
152	0x004482E0	sub_4482E0	standard_modes_1_3_4_5_6	medium	0x004455A0:1;0x00446420:1;0x00446550:1;0x00446700:1;0x004485F0:1	0x0044D2D0:2;0x004885A0:2	mechanical_candidate_not_manually_reviewed	platform_adapted	evidence/special-mode-selection-record-cleanup-004482e0.md	ownership and call-graph fields are navigation only; close from full LST body
153	0x00448360	sub_448360	standard_modes_1_3_4_5_6	medium	0x00446700:1	0x0040AE20:1;0x0040D460:2;0x0040D560:1;0x0040DC00:1;0x0040F280:1;0x00411490:2;0x00411530:1;0x00487C10:1;0x004885A0:2	mechanical_candidate_not_manually_reviewed	platform_adapted	evidence/special-mode-resource-commit-00448360.md	ownership and call-graph fields are navigation only; close from full LST body
154	0x004485F0	sub_4485F0	standard_modes_1_3_4_5_6	medium	0x00446700:1	0x004482E0:1;0x0044D520:2	mechanical_candidate_not_manually_reviewed	pending_audit		ownership and call-graph fields are navigation only; close from full LST body
155	0x00448650	sub_448650	standard_modes_1_3_4_5_6	confirmed_boundary	0x004070A0:1;0x00409540:1	0x0043B9C0:1;0x0043B9E0:1;0x0043BCC0:1;0x0044D2D0:1;0x0044D5A0:1	manual_reviewed_current_assembly	pending_audit		ownership and call-graph fields are navigation only; close from full LST body
156	0x00448700	sub_448700	standard_modes_1_3_4_5_6	confirmed_boundary	0x00409540:1;0x0043B480:1	0x0040EB60:1;0x00448EE0:1;0x004856C0:1;0x00485710:1;0x00485830:1;0x00485850:1;0x00487C10:2	manual_reviewed_current_assembly	pending_audit		ownership and call-graph fields are navigation only; close from full LST body
157	0x00448840	sub_448840	standard_modes_1_3_4_5_6	medium		0x0040DC80:1;0x0040DCB0:1;0x00448EE0:4;0x00449050:1;0x00485610:1;0x00485850:1	mechanical_candidate_not_manually_reviewed	pending_audit		ownership and call-graph fields are navigation only; close from full LST body
158	0x00448BB0	sub_448BB0	standard_modes_1_3_4_5_6	medium			mechanical_candidate_not_manually_reviewed	pending_audit		ownership and call-graph fields are navigation only; close from full LST body
159	0x00448C00	sub_448C00	standard_modes_1_3_4_5_6	medium			mechanical_candidate_not_manually_reviewed	pending_audit		ownership and call-graph fields are navigation only; close from full LST body
160	0x00448C40	sub_448C40	standard_modes_1_3_4_5_6	medium			mechanical_candidate_not_manually_reviewed	pending_audit		ownership and call-graph fields are navigation only; close from full LST body
161	0x00448C70	sub_448C70	standard_modes_1_3_4_5_6	medium			mechanical_candidate_not_manually_reviewed	pending_audit		ownership and call-graph fields are navigation only; close from full LST body
162	0x00448CA0	sub_448CA0	standard_modes_1_3_4_5_6	medium		0x0040DC80:1;0x00485610:1;0x00485850:1	mechanical_candidate_not_manually_reviewed	pending_audit		ownership and call-graph fields are navigation only; close from full LST body
163	0x00448DA0	sub_448DA0	standard_modes_1_3_4_5_6	medium		0x0040DCB0:1;0x00485610:1;0x00485850:1	mechanical_candidate_not_manually_reviewed	pending_audit		ownership and call-graph fields are navigation only; close from full LST body
164	0x00448EB0	sub_448EB0	standard_modes_1_3_4_5_6	medium			mechanical_candidate_not_manually_reviewed	pending_audit		ownership and call-graph fields are navigation only; close from full LST body
165	0x00448EE0	sub_448EE0	standard_modes_1_3_4_5_6	medium	0x00448700:1;0x00448840:4	0x0040DC80:1;0x004321E0:1;0x004389D0:1;0x004858D0:1;0x00485910:1;0x00487C10:1;0x00489D00:1;0x00489E90:1	mechanical_candidate_not_manually_reviewed	pending_audit		ownership and call-graph fields are navigation only; close from full LST body
166	0x00449050	sub_449050	standard_modes_1_3_4_5_6	medium	0x00448840:1	0x0040DC50:1;0x00423AF0:1	mechanical_candidate_not_manually_reviewed	pending_audit		ownership and call-graph fields are navigation only; close from full LST body
167	0x004490C0	sub_4490C0	standard_modes_1_3_4_5_6	medium		0x00406D30:2;0x00409DD0:1;0x0040DC50:2;0x0040DCB0:2;0x0040EBF0:10;0x0040F160:1;0x00411700:1;0x00420490:3;0x00421FB0:1;0x004239D0:3;0x00436AD0:10;0x004372E0:1;0x004389D0:1;0x00438A60:1;0x00438A70:1;0x00438AF0:1;0x00439070:3;0x0043B110:1;0x0043BAB0:1;0x00449C30:4;0x00449D80:1;0x004885A0:3;0x00489B70:1;0x00489D00:2;0x00489E90:1	mechanical_candidate_not_manually_reviewed	pending_audit		ownership and call-graph fields are navigation only; close from full LST body
168	0x00449C30	sub_449C30	standard_modes_1_3_4_5_6	medium	0x004490C0:4	0x004170E0:3;0x004315D0:1;0x004321E0:1;0x0044A240:1	mechanical_candidate_not_manually_reviewed	pending_audit		ownership and call-graph fields are navigation only; close from full LST body
169	0x00449D80	sub_449D80	standard_modes_1_3_4_5_6	medium	0x004490C0:1		mechanical_candidate_not_manually_reviewed	pending_audit		ownership and call-graph fields are navigation only; close from full LST body
170	0x00449FF0	sub_449FF0	standard_modes_1_3_4_5_6	medium		0x00487C10:2	mechanical_candidate_not_manually_reviewed	pending_audit		ownership and call-graph fields are navigation only; close from full LST body
171	0x0044A030	sub_44A030	standard_modes_1_3_4_5_6	medium	0x0044A250:1	0x004885A0:2	mechanical_candidate_not_manually_reviewed	pending_audit		ownership and call-graph fields are navigation only; close from full LST body
172	0x0044A050	sub_44A050	standard_modes_1_3_4_5_6	medium		0x0040DC50:1;0x0044A0D0:1;0x0044A250:1	mechanical_candidate_not_manually_reviewed	pending_audit		ownership and call-graph fields are navigation only; close from full LST body
173	0x0044A0D0	sub_44A0D0	standard_modes_1_3_4_5_6	medium	0x0044A050:1	0x0044AB00:1;0x00485610:1	mechanical_candidate_not_manually_reviewed	pending_audit		ownership and call-graph fields are navigation only; close from full LST body
174	0x0044A160	sub_44A160	standard_modes_1_3_4_5_6	medium		0x0044AB00:1;0x00485610:1	mechanical_candidate_not_manually_reviewed	pending_audit		ownership and call-graph fields are navigation only; close from full LST body
175	0x0044A1D0	sub_44A1D0	standard_modes_1_3_4_5_6	medium		0x0044AB00:1;0x00485610:1	mechanical_candidate_not_manually_reviewed	pending_audit		ownership and call-graph fields are navigation only; close from full LST body
176	0x0044A250	sub_44A250	standard_modes_1_3_4_5_6	medium	0x0044A050:1	0x0043B480:1;0x0044A030:1	mechanical_candidate_not_manually_reviewed	pending_audit		ownership and call-graph fields are navigation only; close from full LST body
177	0x0044A280	sub_44A280	standard_modes_1_3_4_5_6	medium		0x0040EBF0:3;0x004239D0:5;0x0042E850:3;0x00436AD0:25;0x0043B110:2;0x004425C0:1;0x0044AE70:4;0x00477290:1	mechanical_candidate_not_manually_reviewed	pending_audit		ownership and call-graph fields are navigation only; close from full LST body
178	0x0044AB00	sub_44AB00	standard_modes_1_3_4_5_6	medium	0x0044A0D0:1;0x0044A160:1;0x0044A1D0:1	0x0044D6E0:1;0x00477B40:1	mechanical_candidate_not_manually_reviewed	pending_audit		ownership and call-graph fields are navigation only; close from full LST body
179	0x0044AE70	sub_44AE70	standard_modes_1_3_4_5_6	medium	0x0044A280:4	0x004239D0:2;0x00436AD0:1	mechanical_candidate_not_manually_reviewed	pending_audit		ownership and call-graph fields are navigation only; close from full LST body
180	0x0044AF30	sub_44AF30	standard_modes_1_3_4_5_6	medium		0x0040DC50:1;0x00487C10:1	mechanical_candidate_not_manually_reviewed	pending_audit		ownership and call-graph fields are navigation only; close from full LST body
181	0x0044B010	sub_44B010	standard_modes_1_3_4_5_6	confirmed_boundary	0x004070A0:1;0x0044C0E0:1;0x0044C160:1	0x0040DC50:1;0x00423AF0:1;0x004885A0:1	manual_reviewed_current_assembly	pending_audit		ownership and call-graph fields are navigation only; close from full LST body
182	0x0044B070	sub_44B070	standard_modes_1_3_4_5_6	medium		0x0040DC80:1;0x0040DCB0:1;0x00437300:1;0x0043C090:1;0x0044B560:1;0x0044B6E0:1;0x0044B840:1;0x0044B930:1;0x0044BDA0:9;0x0044C0E0:1;0x00485610:2;0x00485850:1	mechanical_candidate_not_manually_reviewed	pending_audit		ownership and call-graph fields are navigation only; close from full LST body
183	0x0044B560	sub_44B560	standard_modes_1_3_4_5_6	medium	0x0044B070:1	0x0044D010:1;0x0044D050:1;0x00485610:3	mechanical_candidate_not_manually_reviewed	pending_audit		ownership and call-graph fields are navigation only; close from full LST body
184	0x0044B6E0	sub_44B6E0	standard_modes_1_3_4_5_6	medium	0x0044B070:1;0x0044B930:1	0x0044D010:1;0x0044D050:1;0x00485610:3	mechanical_candidate_not_manually_reviewed	pending_audit		ownership and call-graph fields are navigation only; close from full LST body
185	0x0044B840	sub_44B840	standard_modes_1_3_4_5_6	medium	0x0044B070:1	0x00485610:4	mechanical_candidate_not_manually_reviewed	pending_audit		ownership and call-graph fields are navigation only; close from full LST body
186	0x0044B930	sub_44B930	standard_modes_1_3_4_5_6	medium	0x0044B070:1	0x0044B6E0:1;0x00485610:4	mechanical_candidate_not_manually_reviewed	pending_audit		ownership and call-graph fields are navigation only; close from full LST body
187	0x0044BA20	sub_44BA20	standard_modes_1_3_4_5_6	medium		0x0040DC80:1;0x00485610:3;0x00485850:1	mechanical_candidate_not_manually_reviewed	pending_audit		ownership and call-graph fields are navigation only; close from full LST body
188	0x0044BBD0	sub_44BBD0	standard_modes_1_3_4_5_6	medium		0x0040DCB0:1;0x00485610:3;0x00485850:1	mechanical_candidate_not_manually_reviewed	pending_audit		ownership and call-graph fields are navigation only; close from full LST body
189	0x0044BDA0	sub_44BDA0	standard_modes_1_3_4_5_6	medium	0x0044B070:9	0x00406D30:2;0x0040DC50:1;0x00423E00:1;0x00424390:1;0x0043BE40:1;0x0044D010:1;0x00485610:5;0x00485880:1;0x00485910:1	mechanical_candidate_not_manually_reviewed	pending_audit		ownership and call-graph fields are navigation only; close from full LST body
190	0x0044C0E0	sub_44C0E0	standard_modes_1_3_4_5_6	medium	0x0044B070:1	0x0043B480:1;0x0044B010:1	mechanical_candidate_not_manually_reviewed	pending_audit		ownership and call-graph fields are navigation only; close from full LST body
191	0x0044C160	sub_44C160	standard_modes_1_3_4_5_6	medium		0x0040DC50:2;0x0040DCB0:1;0x0040DD30:1;0x0040EBF0:6;0x00420490:2;0x004239D0:3;0x0042E850:5;0x004321E0:1;0x00436AD0:23;0x004372D0:1;0x004372E0:1;0x0043AE40:1;0x0043B110:10;0x0043BAB0:4;0x0044B010:1;0x0044D070:1;0x00485610:4	mechanical_candidate_not_manually_reviewed	pending_audit		ownership and call-graph fields are navigation only; close from full LST body
192	0x0044D010	sub_44D010	standard_modes_1_3_4_5_6	medium	0x0044B560:1;0x0044B6E0:1;0x0044BDA0:1		mechanical_candidate_not_manually_reviewed	pending_audit		ownership and call-graph fields are navigation only; close from full LST body
193	0x0044D050	sub_44D050	standard_modes_1_3_4_5_6	medium	0x0044B560:1;0x0044B6E0:1		mechanical_candidate_not_manually_reviewed	pending_audit		ownership and call-graph fields are navigation only; close from full LST body
194	0x0044D070	sub_44D070	standard_modes_1_3_4_5_6	medium	0x0044C160:1	0x0040EBF0:1;0x004306C0:1	mechanical_candidate_not_manually_reviewed	pending_audit		ownership and call-graph fields are navigation only; close from full LST body
195	0x0044D0F0	sub_44D0F0	standard_modes_1_3_4_5_6	confirmed_boundary	0x00427920:1	0x0044A240:1;0x00476DB0:1;0x00487C10:2;0x004885A0:6	manual_reviewed_current_assembly	pending_audit		ownership and call-graph fields are navigation only; close from full LST body
196	0x0044D2D0	sub_44D2D0	standard_modes_1_3_4_5_6	confirmed_boundary	0x00402F80:1;0x004070A0:1;0x0040E0B0:9;0x0040F890:2;0x00427920:4;0x0043BCC0:1;0x0043E3D0:3;0x00441160:5;0x00446700:6;0x004482E0:2;0x00448650:1;0x0044E4A0:3	0x0044A240:1;0x00476DB0:1;0x00487C10:1;0x004885A0:4	manual_reviewed_current_assembly	pending_audit		ownership and call-graph fields are navigation only; close from full LST body
197	0x0044D4E0	sub_44D4E0	standard_modes_1_3_4_5_6	medium	0x00446700:1		mechanical_candidate_not_manually_reviewed	pending_audit		ownership and call-graph fields are navigation only; close from full LST body
198	0x0044D520	sub_44D520	standard_modes_1_3_4_5_6	medium	0x004485F0:2;0x0044E4A0:1	0x00487C10:2	mechanical_candidate_not_manually_reviewed	pending_audit		ownership and call-graph fields are navigation only; close from full LST body
199	0x0044D5A0	sub_44D5A0	standard_modes_1_3_4_5_6	medium	0x00448650:1;0x0044DA40:1;0x0044E4A0:2;0x0044E9D0:1	0x004885A0:2	mechanical_candidate_not_manually_reviewed	pending_audit		ownership and call-graph fields are navigation only; close from full LST body
200	0x0044D5D0	sub_44D5D0	standard_modes_1_3_4_5_6	confirmed_boundary	0x004070A0:1;0x0040E0B0:6;0x0043F000:1;0x0043F880:1;0x00442050:1;0x00444E80:1;0x00448230:1	0x00487C10:1	manual_reviewed_current_assembly	pending_audit		ownership and call-graph fields are navigation only; close from full LST body
201	0x0044D620	sub_44D620	standard_modes_1_3_4_5_6	confirmed_boundary	0x00469D20:1		manual_reviewed_current_assembly	pending_audit		ownership and call-graph fields are navigation only; close from full LST body
202	0x0044D650	sub_44D650	standard_modes_1_3_4_5_6	confirmed_boundary	0x00427920:2		manual_reviewed_current_assembly	pending_audit		ownership and call-graph fields are navigation only; close from full LST body
203	0x0044D680	sub_44D680	standard_modes_1_3_4_5_6	confirmed_boundary	0x0040F890:1;0x00427920:4;0x0043F940:2;0x00446700:1;0x0044E4A0:1;0x00469D20:2		manual_reviewed_current_assembly	pending_audit		ownership and call-graph fields are navigation only; close from full LST body
204	0x0044D6B0	sub_44D6B0	standard_modes_1_3_4_5_6	medium	0x00441160:1;0x0044DF00:1;0x0044DFF0:1;0x0044E0C0:1;0x0044E1B0:1;0x0044E4A0:1		mechanical_candidate_not_manually_reviewed	pending_audit		ownership and call-graph fields are navigation only; close from full LST body
205	0x0044D6E0	sub_44D6E0	standard_modes_1_3_4_5_6	medium	0x00442AA0:1;0x00442B10:1;0x00442D70:2;0x00443BD0:5;0x00446700:5;0x0044AB00:1;0x0044FAF0:2	0x00476A80:1;0x00487C10:1;0x004885A0:1	mechanical_candidate_not_manually_reviewed	pending_audit		ownership and call-graph fields are navigation only; close from full LST body
206	0x0044D920	sub_44D920	standard_modes_1_3_4_5_6	medium	0x0044EA60:1	0x0040DC80:1;0x0040DCB0:1;0x00412930:1;0x00416F10:1;0x00416F60:1;0x00420490:1;0x00421FB0:1;0x0044DAA0:1;0x00487C10:2	mechanical_candidate_not_manually_reviewed	pending_audit		ownership and call-graph fields are navigation only; close from full LST body
207	0x0044DA40	sub_44DA40	standard_modes_1_3_4_5_6	medium	0x0044E9D0:1	0x0044D5A0:1;0x004885A0:3	mechanical_candidate_not_manually_reviewed	pending_audit		ownership and call-graph fields are navigation only; close from full LST body
208	0x0044DAA0	sub_44DAA0	standard_modes_1_3_4_5_6	medium	0x0044D920:1;0x0044EA60:1	0x0040DC00:9	mechanical_candidate_not_manually_reviewed	pending_audit		ownership and call-graph fields are navigation only; close from full LST body
209	0x0044DBC0	sub_44DBC0	standard_modes_1_3_4_5_6	medium	0x0044EA60:1	0x0043BA40:1;0x0044DF00:2;0x0044DFF0:1;0x0044E0C0:1;0x0044E1B0:1;0x0044E260:2;0x0044E330:2;0x0044E4A0:3;0x0044E9D0:2;0x00485610:1	mechanical_candidate_not_manually_reviewed	pending_audit		ownership and call-graph fields are navigation only; close from full LST body
210	0x0044DF00	sub_44DF00	standard_modes_1_3_4_5_6	medium	0x0044DBC0:2	0x0043B9A0:1;0x0043B9C0:1;0x0043B9E0:1;0x0044D6B0:1;0x0044F7D0:1;0x0044FAF0:1;0x00485610:1	mechanical_candidate_not_manually_reviewed	pending_audit		ownership and call-graph fields are navigation only; close from full LST body
211	0x0044DFF0	sub_44DFF0	standard_modes_1_3_4_5_6	medium	0x0044DBC0:1	0x0043B9A0:1;0x0043B9C0:1;0x0043B9E0:1;0x0044D6B0:1;0x0044F7D0:1;0x0044FAF0:1;0x00485610:1	mechanical_candidate_not_manually_reviewed	pending_audit		ownership and call-graph fields are navigation only; close from full LST body
212	0x0044E0C0	sub_44E0C0	standard_modes_1_3_4_5_6	medium	0x0044DBC0:1	0x0043B9A0:1;0x0043B9C0:1;0x0043B9E0:1;0x0044D6B0:1;0x0044F7D0:1;0x0044FAF0:1;0x00485610:1	mechanical_candidate_not_manually_reviewed	pending_audit		ownership and call-graph fields are navigation only; close from full LST body
213	0x0044E1B0	sub_44E1B0	standard_modes_1_3_4_5_6	medium	0x0044DBC0:1	0x0043B9A0:1;0x0043B9C0:1;0x0043B9E0:1;0x0044D6B0:1;0x0044F7D0:1;0x0044FAF0:1	mechanical_candidate_not_manually_reviewed	pending_audit		ownership and call-graph fields are navigation only; close from full LST body
214	0x0044E260	sub_44E260	standard_modes_1_3_4_5_6	medium	0x0044DBC0:2	0x0043B9A0:1;0x00485610:1	mechanical_candidate_not_manually_reviewed	pending_audit		ownership and call-graph fields are navigation only; close from full LST body
215	0x0044E330	sub_44E330	standard_modes_1_3_4_5_6	medium	0x0044DBC0:2	0x0043B9A0:1;0x0044F770:1;0x0044FA40:1;0x00485610:2	mechanical_candidate_not_manually_reviewed	pending_audit		ownership and call-graph fields are navigation only; close from full LST body
216	0x0044E4A0	sub_44E4A0	standard_modes_1_3_4_5_6	medium	0x0044DBC0:3	0x0043B980:2;0x0043B9A0:1;0x0043B9C0:2;0x0043B9E0:2;0x0044A240:2;0x0044D2D0:3;0x0044D520:1;0x0044D5A0:2;0x0044D680:1;0x0044D6B0:1;0x0044E9D0:1;0x0044F770:3;0x0044F7D0:2;0x0044F800:2;0x0044FAF0:1;0x00485610:5;0x00487C10:1;0x004885A0:3	mechanical_candidate_not_manually_reviewed	pending_audit		ownership and call-graph fields are navigation only; close from full LST body
217	0x0044E9D0	sub_44E9D0	standard_modes_1_3_4_5_6	medium	0x0044DBC0:2;0x0044E4A0:1	0x0044D5A0:1;0x0044DA40:1;0x0044F8E0:1	mechanical_candidate_not_manually_reviewed	pending_audit		ownership and call-graph fields are navigation only; close from full LST body
218	0x0044EA60	sub_44EA60	shop_mode_2	confirmed_boundary	0x0040A570:1	0x0040DC50:4;0x0040EBF0:10;0x004117F0:1;0x004149B0:1;0x00416F10:1;0x00416F60:1;0x00416FF0:3;0x004239D0:3;0x0042E850:9;0x00435620:2;0x00436AD0:15;0x00437DF0:1;0x0043AE40:1;0x0043B110:14;0x0043BAB0:1;0x0044D920:1;0x0044DAA0:1;0x0044DBC0:1;0x0044F770:4;0x0044F920:1;0x0044FA40:1;0x0044FD30:1	manual_reviewed_current_assembly	pending_audit		ownership and call-graph fields are navigation only; close from full LST body
219	0x0044F770	sub_44F770	shop_mode_2	medium	0x0044E330:1;0x0044E4A0:3;0x0044EA60:4		mechanical_candidate_not_manually_reviewed	pending_audit		ownership and call-graph fields are navigation only; close from full LST body
220	0x0044F7D0	sub_44F7D0	shop_mode_2	medium	0x0044DF00:1;0x0044DFF0:1;0x0044E0C0:1;0x0044E1B0:1;0x0044E4A0:2		mechanical_candidate_not_manually_reviewed	pending_audit		ownership and call-graph fields are navigation only; close from full LST body
221	0x0044F800	sub_44F800	shop_mode_2	medium	0x0044E4A0:2	0x0044FF90:3	mechanical_candidate_not_manually_reviewed	pending_audit		ownership and call-graph fields are navigation only; close from full LST body
222	0x0044F8E0	sub_44F8E0	shop_mode_2	medium	0x0044E9D0:1	0x004885A0:2	mechanical_candidate_not_manually_reviewed	pending_audit		ownership and call-graph fields are navigation only; close from full LST body
223	0x0044F920	sub_44F920	shop_mode_2	medium	0x0044EA60:1		mechanical_candidate_not_manually_reviewed	pending_audit		ownership and call-graph fields are navigation only; close from full LST body
224	0x0044FA40	sub_44FA40	shop_mode_2	medium	0x0044E330:1;0x0044EA60:1	0x0040DC50:1	mechanical_candidate_not_manually_reviewed	pending_audit		ownership and call-graph fields are navigation only; close from full LST body
225	0x0044FAF0	sub_44FAF0	shop_mode_2	medium	0x0044DF00:1;0x0044DFF0:1;0x0044E0C0:1;0x0044E1B0:1;0x0044E4A0:1	0x0040DC50:1;0x0044D6E0:2	mechanical_candidate_not_manually_reviewed	pending_audit		ownership and call-graph fields are navigation only; close from full LST body
226	0x0044FD30	sub_44FD30	shop_mode_2	medium	0x0044EA60:1	0x0040DC50:1;0x004239D0:3;0x00436AD0:6	mechanical_candidate_not_manually_reviewed	pending_audit		ownership and call-graph fields are navigation only; close from full LST body
227	0x0044FF90	sub_44FF90	shop_mode_2	medium	0x0044F800:3		mechanical_candidate_not_manually_reviewed	pending_audit		ownership and call-graph fields are navigation only; close from full LST body
