effective_opcode	entry_target	encoding_class	sequential_length_rule	normal_fixed_length	operand_shape	control_effect	assembly_evidence	confidence	caveat
0	0x0042D230	default_no_advance	0	0	none	beep_and_yield_same_ip	0x0042D230-0x0042D249	assembly_confirmed	default error behavior, not a NOP
1	0x00427B8F	byte_string_percent_q	4 + byte_count_before_0x5125		byte string begins at +2; terminating bytes 25 51 are consumed	sequential_after_delimiter	0x00427DFF-0x00427E2A;0x00484814-0x00484850;0x0042BD51-0x0042BD92	assembly_confirmed	no bounds check; odd byte lengths are accepted
2	0x00427B8F	byte_string_percent_q	4 + byte_count_before_0x5125		byte string begins at +2; terminating bytes 25 51 are consumed	sequential_after_delimiter	0x00427DFF-0x00427E2A;0x00484814-0x00484850;0x0042BD51-0x0042BD92	assembly_confirmed	no bounds check; odd byte lengths are accepted
3	0x00427B8F	byte_string_percent_q	4 + byte_count_before_0x5125		byte string begins at +2; terminating bytes 25 51 are consumed	sequential_after_delimiter	0x00427DFF-0x00427E2A;0x00484814-0x00484850;0x0042BD51-0x0042BD92	assembly_confirmed	no bounds check; odd byte lengths are accepted
4	0x00427B8F	byte_string_percent_q	4 + byte_count_before_0x5125		byte string begins at +2; terminating bytes 25 51 are consumed	sequential_after_delimiter	0x00427DFF-0x00427E2A;0x00484814-0x00484850;0x0042BD51-0x0042BD92	assembly_confirmed	no bounds check; odd byte lengths are accepted
5	0x00427B8F	byte_string_percent_q	4 + byte_count_before_0x5125		byte string begins at +2; terminating bytes 25 51 are consumed	sequential_after_delimiter	0x00427DFF-0x00427E2A;0x00484814-0x00484850;0x0042BD51-0x0042BD92	assembly_confirmed	no bounds check; odd byte lengths are accepted
6	0x00427B8F	byte_string_percent_q	4 + byte_count_before_0x5125		byte string begins at +2; terminating bytes 25 51 are consumed	sequential_after_delimiter	0x00427DFF-0x00427E2A;0x00484814-0x00484850;0x0042BD51-0x0042BD92	assembly_confirmed	no bounds check; odd byte lengths are accepted
7	0x00427E72	fixed_raw_operands	2	2	0 raw operand bytes; field names pending data-flow audit	handler_specific_sequential_or_wait	0x00427E84:fixed_add:add word ptr [ebp+0], 2	assembly_confirmed	width confirmed; parameter meaning/state effects not yet complete
8	0x00427E9A	fixed_raw_operands	4	4	2 raw operand bytes; field names pending data-flow audit	handler_specific_sequential_or_wait	0x00427EB1:fixed_add:add word ptr [ebp+0], 4	assembly_confirmed	width confirmed; parameter meaning/state effects not yet complete
9	0x00427EC2	fixed_raw_operands	2	2	0 raw operand bytes; field names pending data-flow audit	handler_specific_sequential_or_wait	0x00427E84:fixed_add:add word ptr [ebp+0], 2	assembly_confirmed	width confirmed; parameter meaning/state effects not yet complete
10	0x00427ED0	fixed_raw_operands	6	6	4 raw operand bytes; field names pending data-flow audit	handler_specific_sequential_or_wait	0x00427F9C:fixed_add:add word ptr [ebp+0], 6|0x00428109:fixed_add:add word ptr [ebp+0], 6	assembly_confirmed	width confirmed; parameter meaning/state effects not yet complete
11	0x00427FEB	fixed_raw_operands	6	6	4 raw operand bytes; field names pending data-flow audit	handler_specific_sequential_or_wait	0x004280B5:fixed_add:add word ptr [ebp+0], 6|0x00428109:fixed_add:add word ptr [ebp+0], 6	assembly_confirmed	width confirmed; parameter meaning/state effects not yet complete
12	0x0042811F	fixed_raw_operands	8	8	6 raw operand bytes; field names pending data-flow audit	handler_specific_sequential_or_wait	0x0042815A:fixed_add:add word ptr [ebp+0], 8|0x004281EE:fixed_add:add word ptr [ebp+0], 8	assembly_confirmed	width confirmed; parameter meaning/state effects not yet complete
13	0x0042822A	fixed_raw_operands	4	4	2 raw operand bytes; field names pending data-flow audit	handler_specific_sequential_or_wait	0x0042C7ED:fixed_add:add word ptr [ebp+0], 4	assembly_confirmed	width confirmed; parameter meaning/state effects not yet complete
14	0x0042829C	fixed_raw_operands	4	4	2 raw operand bytes; field names pending data-flow audit	handler_specific_sequential_or_wait	0x004282DF:fixed_add:add word ptr [ebp+0], 4|0x004282FF:fixed_add:add word ptr [ebp+0], 4	assembly_confirmed	width confirmed; parameter meaning/state effects not yet complete
15	0x00428310	absolute_stream_transfer_u32	control_transfer; physical footprint 6	6	u32 target_relative at +2	sub_42E430_same_file_target_ip_zero	0x00428310-0x00428313;0x0042E430-0x0042E47B	assembly_confirmed	no sequential advance
16	0x00428318	fixed_raw_operands	8	8	6 raw operand bytes; field names pending data-flow audit	handler_specific_sequential_or_wait	0x004289AB:fixed_add:add word ptr [ebp+0], 8	assembly_confirmed	width confirmed; parameter meaning/state effects not yet complete
17	0x004283AC	fixed_raw_operands	8	8	6 raw operand bytes; field names pending data-flow audit	handler_specific_sequential_or_wait	0x00428447:fixed_add:add word ptr [ebp+0], 8	assembly_confirmed	width confirmed; parameter meaning/state effects not yet complete
18	0x0042845A	fixed_raw_operands	4	4	2 raw operand bytes; field names pending data-flow audit	handler_specific_sequential_or_wait	0x0042847E:fixed_add:add word ptr [ebp+0], 4	assembly_confirmed	width confirmed; parameter meaning/state effects not yet complete
19	0x004284C2	fixed_raw_operands	2	2	0 raw operand bytes; field names pending data-flow audit	handler_specific_sequential_or_wait	0x00427E84:fixed_add:add word ptr [ebp+0], 2	assembly_confirmed	width confirmed; parameter meaning/state effects not yet complete
20	0x0042ADB7	counted_records_6byte	4 + 6*u14_count		u16 count/flags at +2; handler reads count records at 6-byte stride	wait_until_ready_then_sequential	0x0042ADB7-0x0042B06E	assembly_confirmed	first pass sets operand bit 14 and yields; ready pass clears flags and advances with the opcode-20 6-byte stride selected at 0x0042B030
21	0x00428533	fixed_raw_operands	8	8	6 raw operand bytes; field names pending data-flow audit	handler_specific_sequential_or_wait	0x00428569:fixed_add:add word ptr [ebp+0], 8	assembly_confirmed	width confirmed; parameter meaning/state effects not yet complete
22	0x00428533	fixed_raw_operands	8	8	6 raw operand bytes; field names pending data-flow audit	handler_specific_sequential_or_wait	0x00428569:fixed_add:add word ptr [ebp+0], 8	assembly_confirmed	width confirmed; parameter meaning/state effects not yet complete
23	0x0042857F	u16_list_ff00_then_u32_target	8 + 2*item_count		u16 items at +2; u16 FF00; u32 branch target	conditional_transfer_or_sequential	0x0042857F-0x004285E8	assembly_confirmed	item scan has no bounds check
24	0x004285ED	u16_list_ff00_then_u32_target	8 + 2*item_count		u16 items at +2; u16 FF00; u32 branch target	conditional_transfer_or_sequential	0x004285ED-0x00428656	assembly_confirmed	item scan has no bounds check
25	0x0042865B	fixed_raw_operands	4	4	2 raw operand bytes; field names pending data-flow audit	handler_specific_sequential_or_wait	0x004286AC:fixed_add:add word ptr [ebp+0], 4	assembly_confirmed	width confirmed; parameter meaning/state effects not yet complete
26	0x00428679	fixed_raw_operands	4	4	2 raw operand bytes; field names pending data-flow audit	handler_specific_sequential_or_wait	0x004286AC:fixed_add:add word ptr [ebp+0], 4	assembly_confirmed	width confirmed; parameter meaning/state effects not yet complete
27	0x004286C5	fixed_raw_operands	14	14	12 raw operand bytes; field names pending data-flow audit	handler_specific_sequential_or_wait	0x004286FA:fixed_add:add word ptr [ebp+0], 0Eh	assembly_confirmed	width confirmed; parameter meaning/state effects not yet complete
28	0x00428713	fixed_raw_operands	6	6	4 raw operand bytes; field names pending data-flow audit	handler_specific_sequential_or_wait	0x0042BEF0:fixed_add:add word ptr [ebp+0], 6	assembly_confirmed	width confirmed; parameter meaning/state effects not yet complete
29	0x0042B074	fixed_shared_numeric	6	6	s16 index; s16 value	sequential	0x0042B074-0x0042B1EC	assembly_confirmed	shared handler refines by opcode
30	0x0042B074	fixed_shared_numeric	6	6	s16 index; s16 value	sequential	0x0042B074-0x0042B1EC	assembly_confirmed	shared handler refines by opcode
31	0x0042B074	fixed_shared_numeric	6	6	s16 index; s16 value	sequential	0x0042B074-0x0042B1EC	assembly_confirmed	shared handler refines by opcode
32	0x0042B074	fixed_shared_numeric	10	10	s16 index; s16 value; u32 branch target	conditional_transfer_or_sequential	0x0042B074-0x0042B1EC	assembly_confirmed	shared handler refines by opcode
33	0x0042B074	fixed_shared_numeric	10	10	s16 index; s16 value; u32 branch target	conditional_transfer_or_sequential	0x0042B074-0x0042B1EC	assembly_confirmed	shared handler refines by opcode
34	0x0042890F	fixed_raw_operands	4	4	2 raw operand bytes; field names pending data-flow audit	handler_specific_sequential_or_wait	0x0042D185:fixed_add:add word ptr [ebp+0], 4	assembly_confirmed	width confirmed; parameter meaning/state effects not yet complete
35	0x00428934	fixed_raw_operands	8	8	6 raw operand bytes; field names pending data-flow audit	handler_specific_sequential_or_wait	0x004289AB:fixed_add:add word ptr [ebp+0], 8	assembly_confirmed	width confirmed; parameter meaning/state effects not yet complete
36	0x0042896C	fixed_raw_operands	8	8	6 raw operand bytes; field names pending data-flow audit	handler_specific_sequential_or_wait	0x004289AB:fixed_add:add word ptr [ebp+0], 8	assembly_confirmed	width confirmed; parameter meaning/state effects not yet complete
37	0x004289BE	fixed_raw_operands	2	2	0 raw operand bytes; field names pending data-flow audit	handler_specific_sequential_or_wait	0x004289CB:fixed_add:add word ptr [ebp+0], 2	assembly_confirmed	width confirmed; parameter meaning/state effects not yet complete
38	0x004289DE	fixed_raw_operands	4	4	2 raw operand bytes; field names pending data-flow audit	handler_specific_sequential_or_wait	0x0042D185:fixed_add:add word ptr [ebp+0], 4	assembly_confirmed	width confirmed; parameter meaning/state effects not yet complete
39	0x00428ADC	fixed_raw_operands	4	4	2 raw operand bytes; field names pending data-flow audit	handler_specific_sequential_or_wait	0x0042D185:fixed_add:add word ptr [ebp+0], 4	assembly_confirmed	width confirmed; parameter meaning/state effects not yet complete
40	0x00428BA0	fixed_raw_operands	8	8	6 raw operand bytes; field names pending data-flow audit	handler_specific_sequential_or_wait	0x00428C2F:fixed_add:add word ptr [ebp+0], 8|0x00428C89:fixed_add:add word ptr [ebp+0], 8	assembly_confirmed	width confirmed; parameter meaning/state effects not yet complete
41	0x00428C9F	dword_target_list_ff00ff00	control_transfer; footprint 6 + 4*target_count		u32 targets at +2 followed by u32 FF00FF00	indexed_sub_42E430_transfer	0x00428C9F-0x00428D13	assembly_confirmed	global index selects one target; no sequential advance
42	0x00428D18	fixed_raw_operands	2	2	0 raw operand bytes; field names pending data-flow audit	handler_specific_sequential_or_wait	0x0042D1ED:fixed_add:add word ptr [ebp+0], 2	assembly_confirmed	width confirmed; parameter meaning/state effects not yet complete
43	0x00428D18	fixed_raw_operands	2	2	0 raw operand bytes; field names pending data-flow audit	handler_specific_sequential_or_wait	0x0042D1ED:fixed_add:add word ptr [ebp+0], 2	assembly_confirmed	width confirmed; parameter meaning/state effects not yet complete
44	0x00428DB8	fixed_raw_operands	6	6	4 raw operand bytes; field names pending data-flow audit	handler_specific_sequential_or_wait	0x00428E3C:fixed_add:add word ptr [ebp+0], 6	assembly_confirmed	width confirmed; parameter meaning/state effects not yet complete
45	0x00428E52	fixed_raw_operands	6	6	4 raw operand bytes; field names pending data-flow audit	handler_specific_sequential_or_wait	0x00428E3C:fixed_add:add word ptr [ebp+0], 6	assembly_confirmed	width confirmed; parameter meaning/state effects not yet complete
46	0x00428F7B	fixed_raw_operands	4	4	2 raw operand bytes; field names pending data-flow audit	handler_specific_sequential_or_wait	0x00429050:fixed_add:add word ptr [ebp+0], 4	assembly_confirmed	width confirmed; parameter meaning/state effects not yet complete
47	0x00428F7B	fixed_raw_operands	4	4	2 raw operand bytes; field names pending data-flow audit	handler_specific_sequential_or_wait	0x00429050:fixed_add:add word ptr [ebp+0], 4	assembly_confirmed	width confirmed; parameter meaning/state effects not yet complete
48	0x00428F7B	fixed_raw_operands	4	4	2 raw operand bytes; field names pending data-flow audit	handler_specific_sequential_or_wait	0x00429050:fixed_add:add word ptr [ebp+0], 4	assembly_confirmed	width confirmed; parameter meaning/state effects not yet complete
49	0x00428F7B	fixed_raw_operands	4	4	2 raw operand bytes; field names pending data-flow audit	handler_specific_sequential_or_wait	0x00429050:fixed_add:add word ptr [ebp+0], 4	assembly_confirmed	width confirmed; parameter meaning/state effects not yet complete
50	0x00429066	fixed_opcode_refined	10	10	four u16 operands	sequential_after_setup	0x00429066-0x0042935D	assembly_confirmed	shared entry computes length from opcode-specific constant 3
51	0x00429362	fixed_raw_operands	2	2	0 raw operand bytes; field names pending data-flow audit	handler_specific_sequential_or_wait	0x00429396:fixed_add:add word ptr [ebp+0], 2	assembly_confirmed	width confirmed; parameter meaning/state effects not yet complete
52	0x004293AC	fixed_raw_operands	16	16	14 raw operand bytes; field names pending data-flow audit	handler_specific_sequential_or_wait	0x0042948A:fixed_add:add word ptr [ebp+0], 10h	assembly_confirmed	width confirmed; parameter meaning/state effects not yet complete
53	0x0042949D	fixed_raw_operands	2	2	0 raw operand bytes; field names pending data-flow audit	handler_specific_sequential_or_wait	0x004294AA:fixed_add:add word ptr [ebp+0], 2	assembly_confirmed	width confirmed; parameter meaning/state effects not yet complete
54	0x004294C0	fixed_raw_operands	6	6	4 raw operand bytes; field names pending data-flow audit	handler_specific_sequential_or_wait	0x00428E3C:fixed_add:add word ptr [ebp+0], 6	assembly_confirmed	width confirmed; parameter meaning/state effects not yet complete
55	0x004295F3	fixed_raw_operands	4	4	2 raw operand bytes; field names pending data-flow audit	handler_specific_sequential_or_wait	0x0042C7ED:fixed_add:add word ptr [ebp+0], 4	assembly_confirmed	width confirmed; parameter meaning/state effects not yet complete
56	0x004295F3	fixed_raw_operands	4	4	2 raw operand bytes; field names pending data-flow audit	handler_specific_sequential_or_wait	0x0042C7ED:fixed_add:add word ptr [ebp+0], 4	assembly_confirmed	width confirmed; parameter meaning/state effects not yet complete
57	0x004295F3	fixed_raw_operands	4	4	2 raw operand bytes; field names pending data-flow audit	handler_specific_sequential_or_wait	0x0042C7ED:fixed_add:add word ptr [ebp+0], 4	assembly_confirmed	width confirmed; parameter meaning/state effects not yet complete
58	0x0042B1F1	fixed_raw_operands	10	10	8 raw operand bytes; field names pending data-flow audit	handler_specific_sequential_or_wait	0x0042B279:fixed_add:add word ptr [ebp+0], 0Ah	assembly_confirmed	width confirmed; parameter meaning/state effects not yet complete
59	0x0042967B	fixed_raw_operands	4	4	2 raw operand bytes; field names pending data-flow audit	handler_specific_sequential_or_wait	0x0042C7ED:fixed_add:add word ptr [ebp+0], 4	assembly_confirmed	width confirmed; parameter meaning/state effects not yet complete
60	0x00429693	fixed_raw_operands	2	2	0 raw operand bytes; field names pending data-flow audit	handler_specific_sequential_or_wait	0x004296D0:fixed_add:add word ptr [ebp+0], 2|0x0042D1C7:fixed_add:add word ptr [ebp+0], 2	assembly_confirmed	width confirmed; parameter meaning/state effects not yet complete
61	0x00429693	fixed_raw_operands	2	2	0 raw operand bytes; field names pending data-flow audit	handler_specific_sequential_or_wait	0x004296D0:fixed_add:add word ptr [ebp+0], 2|0x0042D1C7:fixed_add:add word ptr [ebp+0], 2	assembly_confirmed	width confirmed; parameter meaning/state effects not yet complete
62	0x004296DE	fixed_raw_operands	18	18	16 raw operand bytes; field names pending data-flow audit	handler_specific_sequential_or_wait	0x004299CD:fixed_add:add word ptr [ebp+0], 12h	assembly_confirmed	width confirmed; parameter meaning/state effects not yet complete
63	0x00429A1B	u16_prefix_list_ff00	6 + 2*item_count		u16 prefix at +2; u16 items at +4; u16 FF00	sequential	0x00429A1B-0x00429ACD	assembly_confirmed	list is copied into a fixed global array; separate overflow behavior pending
64	0x00429AD2	fixed_raw_operands	2	2	0 raw operand bytes; field names pending data-flow audit	handler_specific_sequential_or_wait	0x0042D1ED:fixed_add:add word ptr [ebp+0], 2	assembly_confirmed	width confirmed; parameter meaning/state effects not yet complete
65	0x00429AE8	fixed_raw_operands	4	4	2 raw operand bytes; field names pending data-flow audit	handler_specific_sequential_or_wait	0x0042C7ED:fixed_add:add word ptr [ebp+0], 4	assembly_confirmed	width confirmed; parameter meaning/state effects not yet complete
66	0x00429B14	fixed_raw_operands	16	16	14 raw operand bytes; field names pending data-flow audit	handler_specific_sequential_or_wait	0x00429B54:fixed_add:add word ptr [ebp+0], 10h	assembly_confirmed	width confirmed; parameter meaning/state effects not yet complete
67	0x00429B62	fixed_raw_operands	4	4	2 raw operand bytes; field names pending data-flow audit	handler_specific_sequential_or_wait	0x0042D185:fixed_add:add word ptr [ebp+0], 4	assembly_confirmed	width confirmed; parameter meaning/state effects not yet complete
68	0x00429BB5	fixed_raw_operands	4	4	2 raw operand bytes; field names pending data-flow audit	handler_specific_sequential_or_wait	0x0042C7ED:fixed_add:add word ptr [ebp+0], 4	assembly_confirmed	width confirmed; parameter meaning/state effects not yet complete
69	0x00429C37	fixed_raw_operands	4	4	2 raw operand bytes; field names pending data-flow audit	handler_specific_sequential_or_wait	0x0042C7ED:fixed_add:add word ptr [ebp+0], 4	assembly_confirmed	width confirmed; parameter meaning/state effects not yet complete
70	0x00429066	fixed_opcode_refined	10	10	four u16 operands	sequential_after_setup	0x00429066-0x0042935D	assembly_confirmed	shared entry computes length from opcode-specific constant 3
71	0x00429CBC	fixed_raw_operands	6	6	4 raw operand bytes; field names pending data-flow audit	handler_specific_sequential_or_wait	0x00429D05:fixed_add:add word ptr [ebp+0], 6|0x0042BEF0:fixed_add:add word ptr [ebp+0], 6	assembly_confirmed	width confirmed; parameter meaning/state effects not yet complete
72	0x00429D0F	fixed_raw_operands	4	4	2 raw operand bytes; field names pending data-flow audit	handler_specific_sequential_or_wait	0x0042C7ED:fixed_add:add word ptr [ebp+0], 4	assembly_confirmed	width confirmed; parameter meaning/state effects not yet complete
73	0x00429066	fixed_opcode_refined	8	8	three u16 operands	sequential_after_setup	0x00429066-0x0042935D	assembly_confirmed	shared entry computes length from opcode-specific constant 2
74	0x00429D43	fixed_raw_operands	2	2	0 raw operand bytes; field names pending data-flow audit	handler_specific_sequential_or_wait	0x00427E84:fixed_add:add word ptr [ebp+0], 2	assembly_confirmed	width confirmed; parameter meaning/state effects not yet complete
75	0x00429D70	fixed_raw_operands	4	4	2 raw operand bytes; field names pending data-flow audit	handler_specific_sequential_or_wait	0x00429D8D:fixed_add:add word ptr [ebp+0], 4	assembly_confirmed	width confirmed; parameter meaning/state effects not yet complete
76	0x00429DA6	fixed_raw_operands	6	6	4 raw operand bytes; field names pending data-flow audit	handler_specific_sequential_or_wait	0x00429F68:fixed_add:add word ptr [ebp+0], 6	assembly_confirmed	width confirmed; parameter meaning/state effects not yet complete
77	0x00429F7B	fixed_with_stale_failure_advance	6 on successful role lookup	6	u16 role/context; u16 value	sequential	0x00429F7B-0x0042A0A1	assembly_confirmed	failed lookup reaches advance through uninitialized stack var_40; preserve as abnormal bug
78	0x00429F7B	fixed_with_stale_failure_advance	4 on successful role lookup	4	u16 role/context	sequential	0x00429F7B-0x0042A0A1	assembly_confirmed	failed lookup reaches advance through uninitialized stack var_40; preserve as abnormal bug
79	0x0042A0A6	fixed_raw_operands	16	16	14 raw operand bytes; field names pending data-flow audit	handler_specific_sequential_or_wait	0x0042A1E1:fixed_add:add word ptr [ebp+0], 10h	assembly_confirmed	width confirmed; parameter meaning/state effects not yet complete
80	0x0042A1EF	fixed_raw_operands	2	2	0 raw operand bytes; field names pending data-flow audit	handler_specific_sequential_or_wait	0x00427E84:fixed_add:add word ptr [ebp+0], 2	assembly_confirmed	width confirmed; parameter meaning/state effects not yet complete
81	0x0042A200	fixed_raw_operands	10	10	8 raw operand bytes; field names pending data-flow audit	handler_specific_sequential_or_wait	0x0042A2B3:fixed_add:add word ptr [ebp+0], 0Ah	assembly_confirmed	width confirmed; parameter meaning/state effects not yet complete
82	0x0042A2C6	fixed_raw_operands	6	6	4 raw operand bytes; field names pending data-flow audit	handler_specific_sequential_or_wait	0x00429F68:fixed_add:add word ptr [ebp+0], 6	assembly_confirmed	width confirmed; parameter meaning/state effects not yet complete
83	0x0042A341	fixed_raw_operands	16	16	14 raw operand bytes; field names pending data-flow audit	handler_specific_sequential_or_wait	0x0042A1E1:fixed_add:add word ptr [ebp+0], 10h	assembly_confirmed	width confirmed; parameter meaning/state effects not yet complete
84	0x0042A54C	fixed_raw_operands	6	6	4 raw operand bytes; field names pending data-flow audit	handler_specific_sequential_or_wait	0x00429F68:fixed_add:add word ptr [ebp+0], 6	assembly_confirmed	width confirmed; parameter meaning/state effects not yet complete
85	0x0042A611	byte_string_percent_q_external	4 + byte_count_before_0x5125		byte string begins at +2; terminating bytes 25 51 are consumed	sub_484730_advances_caller_ip_and_pointer	0x0042A611-0x0042A66E;0x0048480C-0x00484850	assembly_confirmed	video filename extension may be rewritten after parsing
86	0x0042A673	fixed_raw_operands	10	10	8 raw operand bytes; field names pending data-flow audit	handler_specific_sequential_or_wait	0x0042A2B3:fixed_add:add word ptr [ebp+0], 0Ah	assembly_confirmed	width confirmed; parameter meaning/state effects not yet complete
87	0x0042A6CB	dword_target_list_ff00ff00	control_transfer; footprint 6 + 4*target_count		u32 targets at +2 followed by u32 FF00FF00	random_sub_42E430_transfer	0x0042A6CB-0x0042A722	assembly_confirmed	random index selects one target; no sequential advance
88	0x0042A727	fixed_raw_operands	4	4	2 raw operand bytes; field names pending data-flow audit	handler_specific_sequential_or_wait	0x0042A748:fixed_add:add word ptr [ebp+0], 4	assembly_confirmed	width confirmed; parameter meaning/state effects not yet complete
89	0x00427B8F	byte_string_percent_q	4 + byte_count_before_0x5125		byte string begins at +2; terminating bytes 25 51 are consumed	sequential_after_delimiter	0x00427DFF-0x00427E2A;0x00484814-0x00484850;0x0042BD51-0x0042BD92	assembly_confirmed	no bounds check; odd byte lengths are accepted
90	0x00427B8F	byte_string_percent_q	4 + byte_count_before_0x5125		byte string begins at +2; terminating bytes 25 51 are consumed	sequential_after_delimiter	0x00427DFF-0x00427E2A;0x00484814-0x00484850;0x0042BD51-0x0042BD92	assembly_confirmed	no bounds check; odd byte lengths are accepted
91	0x0042B287	fixed_raw_operands	4	4	2 raw operand bytes; field names pending data-flow audit	handler_specific_sequential_or_wait	0x0042B32C:fixed_add:add word ptr [ebp+0], 4|0x0042D185:fixed_add:add word ptr [ebp+0], 4	assembly_confirmed	width confirmed; parameter meaning/state effects not yet complete
92	0x0042A756	fixed_raw_operands	4	4	2 raw operand bytes; field names pending data-flow audit	handler_specific_sequential_or_wait	0x0042D185:fixed_add:add word ptr [ebp+0], 4	assembly_confirmed	width confirmed; parameter meaning/state effects not yet complete
93	0x0042A792	fixed_raw_operands	4	4	2 raw operand bytes; field names pending data-flow audit	handler_specific_sequential_or_wait	0x0042D185:fixed_add:add word ptr [ebp+0], 4	assembly_confirmed	width confirmed; parameter meaning/state effects not yet complete
94	0x0042A7CE	fixed_raw_operands	2	2	0 raw operand bytes; field names pending data-flow audit	handler_specific_sequential_or_wait	0x0042A7E4:fixed_add:add word ptr [ebp+0], 2	assembly_confirmed	width confirmed; parameter meaning/state effects not yet complete
95	0x0042A7EE	fixed_raw_operands	2	2	0 raw operand bytes; field names pending data-flow audit	handler_specific_sequential_or_wait	0x0042A804:fixed_add:add word ptr [ebp+0], 2	assembly_confirmed	width confirmed; parameter meaning/state effects not yet complete
96	0x0042A80E	byte_string_percent_q_with_prefix_flags	4 + byte_count_before_0x5125		byte string at +2; optional leading 25/2A set flags; terminating 25 51 consumed	sequential_then_open_custom_ani	0x0042A80E-0x0042AD37	assembly_confirmed	scan is byte-wise and unbounded; copied staging area is only 0x400 bytes
97	0x0042AD3C	fixed_raw_operands	2	2	0 raw operand bytes; field names pending data-flow audit	handler_specific_sequential_or_wait	0x0042AD49:fixed_add:add word ptr [ebp+0], 2	assembly_confirmed	width confirmed; parameter meaning/state effects not yet complete
98	0x0042C7EA	fixed_raw_operands	4	4	2 raw operand bytes; field names pending data-flow audit	handler_specific_sequential_or_wait	0x0042C7ED:fixed_add:add word ptr [ebp+0], 4	assembly_confirmed	width confirmed; parameter meaning/state effects not yet complete
99	0x0042AD75	fixed_raw_operands	4	4	2 raw operand bytes; field names pending data-flow audit	handler_specific_sequential_or_wait	0x0042D185:fixed_add:add word ptr [ebp+0], 4	assembly_confirmed	width confirmed; parameter meaning/state effects not yet complete
100	0x0042B3B0	fixed_raw_operands	6	6	4 raw operand bytes; field names pending data-flow audit	handler_specific_sequential_or_wait	0x0042B42D:fixed_add:add word ptr [ebp+0], 6	assembly_confirmed	width confirmed; parameter meaning/state effects not yet complete
101	0x0042B43B	fixed_raw_operands	4	4	2 raw operand bytes; field names pending data-flow audit	handler_specific_sequential_or_wait	0x0042D185:fixed_add:add word ptr [ebp+0], 4	assembly_confirmed	width confirmed; parameter meaning/state effects not yet complete
102	0x0042C567	fixed_raw_operands	6	6	4 raw operand bytes; field names pending data-flow audit	handler_specific_sequential_or_wait	0x00429F68:fixed_add:add word ptr [ebp+0], 6	assembly_confirmed	width confirmed; parameter meaning/state effects not yet complete
103	0x0042C567	fixed_raw_operands	6	6	4 raw operand bytes; field names pending data-flow audit	handler_specific_sequential_or_wait	0x00429F68:fixed_add:add word ptr [ebp+0], 6	assembly_confirmed	width confirmed; parameter meaning/state effects not yet complete
104	0x0042B47E	fixed_raw_operands	6	6	4 raw operand bytes; field names pending data-flow audit	handler_specific_sequential_or_wait	0x0042B4A8:fixed_add:add word ptr [ebp+0], 6	assembly_confirmed	width confirmed; parameter meaning/state effects not yet complete
105	0x0042B4B9	fixed_raw_operands	2	2	0 raw operand bytes; field names pending data-flow audit	handler_specific_sequential_or_wait	0x00427E84:fixed_add:add word ptr [ebp+0], 2	assembly_confirmed	width confirmed; parameter meaning/state effects not yet complete
106	0x0042B4CA	fixed_raw_operands	4	4	2 raw operand bytes; field names pending data-flow audit	handler_specific_sequential_or_wait	0x0042B4F9:fixed_add:add word ptr [ebp+0], 4	assembly_confirmed	width confirmed; parameter meaning/state effects not yet complete
107	0x0042B50F	fixed_raw_operands	6	6	4 raw operand bytes; field names pending data-flow audit	handler_specific_sequential_or_wait	0x0042B57F:fixed_add:add word ptr [ebp+0], 6|0x0042B5A5:fixed_add:add word ptr [ebp+0], 6|0x0042B5D9:fixed_add:add word ptr [ebp+0], 6	assembly_confirmed	width confirmed; parameter meaning/state effects not yet complete
108	0x0042B5F2	fixed_raw_operands	6	6	4 raw operand bytes; field names pending data-flow audit	handler_specific_sequential_or_wait	0x0042B626:fixed_add:add word ptr [ebp+0], 6	assembly_confirmed	width confirmed; parameter meaning/state effects not yet complete
109	0x0042B63C	counted_u16_list	4 + 2*u16_count		u16 count; count u16 ids	sequential	0x0042B63C-0x0042B6A0	assembly_confirmed	zero count is accepted
110	0x0042B6A5	fixed_raw_operands	6	6	4 raw operand bytes; field names pending data-flow audit	handler_specific_sequential_or_wait	0x0042B6FB:fixed_add:add word ptr [ebp+0], 6	assembly_confirmed	width confirmed; parameter meaning/state effects not yet complete
111	0x0042B6A5	fixed_raw_operands	6	6	4 raw operand bytes; field names pending data-flow audit	handler_specific_sequential_or_wait	0x0042B6FB:fixed_add:add word ptr [ebp+0], 6	assembly_confirmed	width confirmed; parameter meaning/state effects not yet complete
112	0x0042B70C	fixed_raw_operands	2	2	0 raw operand bytes; field names pending data-flow audit	handler_specific_sequential_or_wait	0x0042D1C7:fixed_add:add word ptr [ebp+0], 2	assembly_confirmed	width confirmed; parameter meaning/state effects not yet complete
113	0x0042B723	fixed_raw_operands	6	6	4 raw operand bytes; field names pending data-flow audit	handler_specific_sequential_or_wait	0x0042BEF0:fixed_add:add word ptr [ebp+0], 6	assembly_confirmed	width confirmed; parameter meaning/state effects not yet complete
114	0x0042B739	fixed_raw_operands	8	8	6 raw operand bytes; field names pending data-flow audit	handler_specific_sequential_or_wait	0x0042B7D7:fixed_add:add word ptr [ebp+0], 8	assembly_confirmed	width confirmed; parameter meaning/state effects not yet complete
115	0x0042B7FC	fixed_raw_operands	4	4	2 raw operand bytes; field names pending data-flow audit	handler_specific_sequential_or_wait	0x0042C7ED:fixed_add:add word ptr [ebp+0], 4	assembly_confirmed	width confirmed; parameter meaning/state effects not yet complete
116	0x0042B83A	counted_6byte_records	4 + 6*u16_count		u16 count; count records of 3*u16	sequential	0x0042B83A-0x0042B8E1	assembly_confirmed	state IP receives the low 16 bits of the product; current samples use small counts
117	0x0042C567	fixed_raw_operands	6	6	4 raw operand bytes; field names pending data-flow audit	handler_specific_sequential_or_wait	0x00429F68:fixed_add:add word ptr [ebp+0], 6	assembly_confirmed	width confirmed; parameter meaning/state effects not yet complete
118	0x0042B8E6	fixed_raw_operands	4	4	2 raw operand bytes; field names pending data-flow audit	handler_specific_sequential_or_wait	0x0042B9AC:fixed_add:add word ptr [ebp+0], 4	assembly_confirmed	width confirmed; parameter meaning/state effects not yet complete
119	0x0042B9C2	fixed_raw_operands	4	4	2 raw operand bytes; field names pending data-flow audit	handler_specific_sequential_or_wait	0x0042BA17:fixed_add:add word ptr [ebp+0], 4|0x0042BA52:fixed_add:add word ptr [ebp+0], 4|0x0042BA7E:fixed_add:add word ptr [ebp+0], 4|0x0042BAA2:fixed_add:add word ptr [ebp+0], 4	assembly_confirmed	width confirmed; parameter meaning/state effects not yet complete
120	0x0042BAB8	fixed_raw_operands	10	10	8 raw operand bytes; field names pending data-flow audit	handler_specific_sequential_or_wait	0x0042BBC2:fixed_add:add word ptr [ebp+0], 0Ah|0x0042BC13:fixed_add:add word ptr [ebp+0], 0Ah	assembly_confirmed	width confirmed; parameter meaning/state effects not yet complete
121	0x0042BC2C	fixed_raw_operands	2	2	0 raw operand bytes; field names pending data-flow audit	handler_specific_sequential_or_wait	0x00427E84:fixed_add:add word ptr [ebp+0], 2	assembly_confirmed	width confirmed; parameter meaning/state effects not yet complete
122	0x0042BC3D	fixed_raw_operands	2	2	0 raw operand bytes; field names pending data-flow audit	handler_specific_sequential_or_wait	0x00427E84:fixed_add:add word ptr [ebp+0], 2	assembly_confirmed	width confirmed; parameter meaning/state effects not yet complete
123	0x0042BC4C	fixed_raw_operands	10	10	8 raw operand bytes; field names pending data-flow audit	handler_specific_sequential_or_wait	0x0042BCDF:fixed_add:add word ptr [ebp+0], 0Ah	assembly_confirmed	width confirmed; parameter meaning/state effects not yet complete
124	0x0042BCF5	fixed_raw_operands	2	2	0 raw operand bytes; field names pending data-flow audit	handler_specific_sequential_or_wait	0x00427E84:fixed_add:add word ptr [ebp+0], 2	assembly_confirmed	width confirmed; parameter meaning/state effects not yet complete
125	0x0042BD06	byte_string_percent_q	4 + byte_count_before_0x5125		byte string begins at +2; terminating bytes 25 51 are consumed	sequential_after_delimiter	0x0042BD51-0x0042BDB7	assembly_confirmed	copied into 0x100-byte allocation without a bound check
126	0x0042BDBC	fixed_raw_operands	10	10	8 raw operand bytes; field names pending data-flow audit	handler_specific_sequential_or_wait	0x0042BE64:fixed_add:add word ptr [ebp+0], 0Ah	assembly_confirmed	width confirmed; parameter meaning/state effects not yet complete
127	0x0042BDBC	fixed_raw_operands	10	10	8 raw operand bytes; field names pending data-flow audit	handler_specific_sequential_or_wait	0x0042BE64:fixed_add:add word ptr [ebp+0], 0Ah	assembly_confirmed	width confirmed; parameter meaning/state effects not yet complete
128	0x0042BE8A	fixed_raw_operands	6	6	4 raw operand bytes; field names pending data-flow audit	handler_specific_sequential_or_wait	0x0042BEF0:fixed_add:add word ptr [ebp+0], 6	assembly_confirmed	width confirmed; parameter meaning/state effects not yet complete
129	0x0042BEFE	fixed_raw_operands	8	8	6 raw operand bytes; field names pending data-flow audit	handler_specific_sequential_or_wait	0x004289AB:fixed_add:add word ptr [ebp+0], 8	assembly_confirmed	width confirmed; parameter meaning/state effects not yet complete
130	0x0042BEFE	fixed_raw_operands	8	8	6 raw operand bytes; field names pending data-flow audit	handler_specific_sequential_or_wait	0x004289AB:fixed_add:add word ptr [ebp+0], 8	assembly_confirmed	width confirmed; parameter meaning/state effects not yet complete
131	0x0042BF72	fixed_raw_operands	6	6	4 raw operand bytes; field names pending data-flow audit	handler_specific_sequential_or_wait	0x00429F68:fixed_add:add word ptr [ebp+0], 6	assembly_confirmed	width confirmed; parameter meaning/state effects not yet complete
132	0x0042C033	fixed_raw_operands	8	8	6 raw operand bytes; field names pending data-flow audit	handler_specific_sequential_or_wait	0x004289AB:fixed_add:add word ptr [ebp+0], 8	assembly_confirmed	width confirmed; parameter meaning/state effects not yet complete
133	0x0042C234	u16_zero_terminated	4 + 2*item_count		nonzero u16 items at +2; terminating u16 zero	sequential	0x0042C234-0x0042C2C1	assembly_confirmed	copied into 0x100-byte allocation without a count bound
134	0x0042C2C6	fixed_raw_operands	10	10	8 raw operand bytes; field names pending data-flow audit	handler_specific_sequential_or_wait	0x0042A2B3:fixed_add:add word ptr [ebp+0], 0Ah	assembly_confirmed	width confirmed; parameter meaning/state effects not yet complete
135	0x0042C3B0	fixed_raw_operands	2	2	0 raw operand bytes; field names pending data-flow audit	handler_specific_sequential_or_wait	0x0042C3E1:fixed_add:add word ptr [ebp+0], 2	assembly_confirmed	width confirmed; parameter meaning/state effects not yet complete
136	0x0042C567	fixed_raw_operands	6	6	4 raw operand bytes; field names pending data-flow audit	handler_specific_sequential_or_wait	0x00429F68:fixed_add:add word ptr [ebp+0], 6	assembly_confirmed	width confirmed; parameter meaning/state effects not yet complete
137	0x0042C3F7	fixed_raw_operands	2	2	0 raw operand bytes; field names pending data-flow audit	handler_specific_sequential_or_wait	0x0042C464:fixed_add:add word ptr [ebp+0], 2	assembly_confirmed	width confirmed; parameter meaning/state effects not yet complete
138	0x0042C49E	fixed_raw_operands	14	14	12 raw operand bytes; field names pending data-flow audit	handler_specific_sequential_or_wait	0x0042C554:fixed_add:add word ptr [ebp+0], 0Eh	assembly_confirmed	width confirmed; parameter meaning/state effects not yet complete
139	0x0042B9C2	fixed_raw_operands	4	4	2 raw operand bytes; field names pending data-flow audit	handler_specific_sequential_or_wait	0x0042BA17:fixed_add:add word ptr [ebp+0], 4|0x0042BA52:fixed_add:add word ptr [ebp+0], 4|0x0042BA7E:fixed_add:add word ptr [ebp+0], 4|0x0042BAA2:fixed_add:add word ptr [ebp+0], 4	assembly_confirmed	width confirmed; parameter meaning/state effects not yet complete
140	0x0042C567	fixed_raw_operands	6	6	4 raw operand bytes; field names pending data-flow audit	handler_specific_sequential_or_wait	0x00429F68:fixed_add:add word ptr [ebp+0], 6	assembly_confirmed	width confirmed; parameter meaning/state effects not yet complete
141	0x0042C6DD	fixed_raw_operands	6	6	4 raw operand bytes; field names pending data-flow audit	handler_specific_sequential_or_wait	0x0042C6F7:fixed_add:add word ptr [ebp+0], 6	assembly_confirmed	width confirmed; parameter meaning/state effects not yet complete
142	0x0042C732	fixed_raw_operands	8	8	6 raw operand bytes; field names pending data-flow audit	handler_specific_sequential_or_wait	0x0042C758:fixed_add:add word ptr [ebp+0], 8	assembly_confirmed	width confirmed; parameter meaning/state effects not yet complete
143	0x0042C766	fixed_raw_operands	2	2	0 raw operand bytes; field names pending data-flow audit	handler_specific_sequential_or_wait	0x0042C78F:fixed_add:add word ptr [ebp+0], 2	assembly_confirmed	width confirmed; parameter meaning/state effects not yet complete
144	0x0042C79D	fixed_raw_operands	4	4	2 raw operand bytes; field names pending data-flow audit	handler_specific_sequential_or_wait	0x0042C7ED:fixed_add:add word ptr [ebp+0], 4	assembly_confirmed	width confirmed; parameter meaning/state effects not yet complete
145	0x0042C567	fixed_raw_operands	6	6	4 raw operand bytes; field names pending data-flow audit	handler_specific_sequential_or_wait	0x00429F68:fixed_add:add word ptr [ebp+0], 6	assembly_confirmed	width confirmed; parameter meaning/state effects not yet complete
146	0x0042C567	fixed_raw_operands	6	6	4 raw operand bytes; field names pending data-flow audit	handler_specific_sequential_or_wait	0x00429F68:fixed_add:add word ptr [ebp+0], 6	assembly_confirmed	width confirmed; parameter meaning/state effects not yet complete
147	0x0042C7FB	fixed_raw_operands	2	2	0 raw operand bytes; field names pending data-flow audit	handler_specific_sequential_or_wait	0x0042C80C:fixed_add:add word ptr [ebp+0], 2	assembly_confirmed	width confirmed; parameter meaning/state effects not yet complete
148	0x0042C81A	fixed_raw_operands	2	2	0 raw operand bytes; field names pending data-flow audit	handler_specific_sequential_or_wait	0x0042C82B:fixed_add:add word ptr [ebp+0], 2	assembly_confirmed	width confirmed; parameter meaning/state effects not yet complete
149	0x0042C839	fixed_raw_operands	2	2	0 raw operand bytes; field names pending data-flow audit	handler_specific_sequential_or_wait	0x0042C84A:fixed_add:add word ptr [ebp+0], 2	assembly_confirmed	width confirmed; parameter meaning/state effects not yet complete
150	0x0042C858	fixed_raw_operands	6	6	4 raw operand bytes; field names pending data-flow audit	handler_specific_sequential_or_wait	0x0042C8EA:fixed_add:add word ptr [ebp+0], 6	assembly_confirmed	width confirmed; parameter meaning/state effects not yet complete
151	0x0042C8F8	fixed_raw_operands	10	10	8 raw operand bytes; field names pending data-flow audit	handler_specific_sequential_or_wait	0x0042C928:fixed_add:add word ptr [ebp+0], 0Ah	assembly_confirmed	width confirmed; parameter meaning/state effects not yet complete
152	0x0042C936	fixed_raw_operands	2	2	0 raw operand bytes; field names pending data-flow audit	handler_specific_sequential_or_wait	0x0042D1C7:fixed_add:add word ptr [ebp+0], 2	assembly_confirmed	width confirmed; parameter meaning/state effects not yet complete
153	0x0042B1F1	fixed_raw_operands	10	10	8 raw operand bytes; field names pending data-flow audit	handler_specific_sequential_or_wait	0x0042B279:fixed_add:add word ptr [ebp+0], 0Ah	assembly_confirmed	width confirmed; parameter meaning/state effects not yet complete
154	0x0042B4CA	fixed_raw_operands	4	4	2 raw operand bytes; field names pending data-flow audit	handler_specific_sequential_or_wait	0x0042B4F9:fixed_add:add word ptr [ebp+0], 4	assembly_confirmed	width confirmed; parameter meaning/state effects not yet complete
155	0x0042C95B	fixed_raw_operands	2	2	0 raw operand bytes; field names pending data-flow audit	handler_specific_sequential_or_wait	0x0042CF6E:fixed_add:add word ptr [ebp+0], 2	assembly_confirmed	width confirmed; parameter meaning/state effects not yet complete
156	0x0042C9CE	fixed_raw_operands	2	2	0 raw operand bytes; field names pending data-flow audit	handler_specific_sequential_or_wait	0x0042CF6E:fixed_add:add word ptr [ebp+0], 2	assembly_confirmed	width confirmed; parameter meaning/state effects not yet complete
157	0x0042CA3A	fixed_raw_operands	8	8	6 raw operand bytes; field names pending data-flow audit	handler_specific_sequential_or_wait	0x004289AB:fixed_add:add word ptr [ebp+0], 8	assembly_confirmed	width confirmed; parameter meaning/state effects not yet complete
158	0x0042CA7C	u16_prefix_then_byte_string_percent_q	6 + byte_count_before_0x5125		u16 prefix at +2; byte string at +4; terminating bytes 25 51 consumed	sequential_after_file_operation	0x0042CA7C-0x0042CBAB	assembly_confirmed	byte string copied to fixed FileName buffer without local bound check
159	0x0042CA7C	u16_prefix_then_byte_string_percent_q	6 + byte_count_before_0x5125		u16 prefix at +2; byte string at +4; terminating bytes 25 51 consumed	sequential_after_file_operation	0x0042CA7C-0x0042CBAB	assembly_confirmed	byte string copied to fixed FileName buffer without local bound check
160	0x0042CBB0	fixed_raw_operands	2	2	0 raw operand bytes; field names pending data-flow audit	handler_specific_sequential_or_wait	0x0042CBBE:fixed_add:add word ptr [ebp+0], 2	assembly_confirmed	width confirmed; parameter meaning/state effects not yet complete
161	0x0042CBCC	story_id_transfer	control transfer; physical footprint 4	4	s16 story id at +2	sub_42E480_select_file_and_reset_ip	0x0042CBCC-0x0042CBF5;0x0042E480-0x0042E594	assembly_confirmed	next bytes come from newly selected TALK file/slot, not sequential stream
162	0x0042B287	fixed_raw_operands	4	4	2 raw operand bytes; field names pending data-flow audit	handler_specific_sequential_or_wait	0x0042B32C:fixed_add:add word ptr [ebp+0], 4|0x0042D185:fixed_add:add word ptr [ebp+0], 4	assembly_confirmed	width confirmed; parameter meaning/state effects not yet complete
163	0x0042CBFF	current_map_conditional_reload	8	8	+2 i16 expected map; +4 u32 same-file target read only when not equal	conditional_same_file_reload	0x0042CBFF-0x0042CC30;0x00428444-0x00428455;0x0042CCD6-0x0042CCF2	assembly_confirmed	not-taken advances eight and same-calls; taken reloads target at IP zero without source advance
164	0x0042CBFF	current_map_conditional_reload	8	8	+2 i16 expected map; +4 u32 same-file target read only when equal	conditional_same_file_reload	0x0042CBFF-0x0042CC30;0x00428444-0x00428455;0x0042CCD6-0x0042CCF2	assembly_confirmed	not-taken advances eight and same-calls; taken reloads target at IP zero without source advance
165	0x0042CC35	item_total_conditional_reload	10	10	+2 u16 item id; +4 i16 threshold; +6 u32 same-file target read only when nonzero total is at least threshold	conditional_same_file_reload	0x0042CC35-0x0042CCF2;0x0042A2B0-0x0042A2C1;0x0042E430-0x0042E47B	assembly_confirmed	zero total is an explicit not-taken special case; not-taken advances ten and same-calls
166	0x0042CC35	item_total_conditional_reload	10	10	+2 u16 item id; +4 i16 threshold; +6 u32 same-file target read for zero total or nonzero total at most threshold	conditional_same_file_reload	0x0042CC35-0x0042CCF2;0x0042A2B0-0x0042A2C1;0x0042E430-0x0042E47B	assembly_confirmed	zero total is an explicit taken special case; not-taken advances ten and same-calls
167	0x0042BEFE	fixed_raw_operands	8	8	6 raw operand bytes; field names pending data-flow audit	handler_specific_sequential_or_wait	0x004289AB:fixed_add:add word ptr [ebp+0], 8	assembly_confirmed	width confirmed; parameter meaning/state effects not yet complete
168	0x0042BEFE	fixed_raw_operands	8	8	6 raw operand bytes; field names pending data-flow audit	handler_specific_sequential_or_wait	0x004289AB:fixed_add:add word ptr [ebp+0], 8	assembly_confirmed	width confirmed; parameter meaning/state effects not yet complete
169	0x0042ADB7	counted_records_12byte	4 + 12*u14_count		u16 count/flags at +2; count records of 12 bytes	wait_until_ready_then_sequential	0x0042ADB7-0x0042B06E	assembly_confirmed	count is low 14 bits; bit 14 selects wait/preflight branch
170	0x0042CCF7	fixed_even_variant	2	2	none	sequential	0x0042CCF7-0x0042CDA1	assembly_confirmed	even opcode skips embedded string
171	0x0042CCF7	byte_string_percent_q	4 + byte_count_before_0x5125		byte string at +2; terminating bytes 25 51 consumed	sequential	0x0042CCF7-0x0042CDA1	assembly_confirmed	odd opcode embeds string
172	0x0042CCF7	fixed_even_variant	2	2	none	sequential	0x0042CCF7-0x0042CDA1	assembly_confirmed	even opcode skips embedded string
173	0x0042CCF7	byte_string_percent_q	4 + byte_count_before_0x5125		byte string at +2; terminating bytes 25 51 consumed	sequential	0x0042CCF7-0x0042CDA1	assembly_confirmed	odd opcode embeds string
174	0x0042C567	fixed_raw_operands	6	6	4 raw operand bytes; field names pending data-flow audit	handler_specific_sequential_or_wait	0x00429F68:fixed_add:add word ptr [ebp+0], 6	assembly_confirmed	width confirmed; parameter meaning/state effects not yet complete
175	0x0042CDED	fixed_raw_operands	2	2	0 raw operand bytes; field names pending data-flow audit	handler_specific_sequential_or_wait	0x0042CE03:fixed_add:add word ptr [ebp+0], 2	assembly_confirmed	width confirmed; parameter meaning/state effects not yet complete
176	0x0042CE12	fixed_raw_operands	2	2	0 raw operand bytes; field names pending data-flow audit	handler_specific_sequential_or_wait	0x0042CE28:fixed_add:add word ptr [ebp+0], 2	assembly_confirmed	width confirmed; parameter meaning/state effects not yet complete
177	0x0042CE32	fixed_raw_operands	2	2	0 raw operand bytes; field names pending data-flow audit	handler_specific_sequential_or_wait	0x0042CF6E:fixed_add:add word ptr [ebp+0], 2	assembly_confirmed	width confirmed; parameter meaning/state effects not yet complete
178	0x0042CF7C	fixed_raw_operands	4	4	2 raw operand bytes; field names pending data-flow audit	handler_specific_sequential_or_wait	0x0042D185:fixed_add:add word ptr [ebp+0], 4	assembly_confirmed	width confirmed; parameter meaning/state effects not yet complete
179	0x0042CFBD	fixed_raw_operands	10	10	8 raw operand bytes; field names pending data-flow audit	handler_specific_sequential_or_wait	0x0042A2B3:fixed_add:add word ptr [ebp+0], 0Ah	assembly_confirmed	width confirmed; parameter meaning/state effects not yet complete
180	0x0042D041	fixed_raw_operands	2	2	0 raw operand bytes; field names pending data-flow audit	handler_specific_sequential_or_wait	0x0042D04E:fixed_add:add word ptr [ebp+0], 2	assembly_confirmed	width confirmed; parameter meaning/state effects not yet complete
181	0x0042B070	fixed_shared_numeric	8	8	s16 index; s32 value	sequential	0x0042B070-0x0042B1EC	assembly_confirmed	shared handler refines by opcode
182	0x0042B070	fixed_shared_numeric	8	8	s16 index; s32 value	sequential	0x0042B070-0x0042B1EC	assembly_confirmed	shared handler refines by opcode
183	0x0042B070	fixed_shared_numeric	8	8	s16 index; s32 value	sequential	0x0042B070-0x0042B1EC	assembly_confirmed	shared handler refines by opcode
184	0x0042B070	fixed_shared_numeric	12	12	s16 index; s32 value; u32 branch target	conditional_transfer_or_sequential	0x0042B070-0x0042B1EC	assembly_confirmed	shared handler refines by opcode
185	0x0042B070	fixed_shared_numeric	12	12	s16 index; s32 value; u32 branch target	conditional_transfer_or_sequential	0x0042B070-0x0042B1EC	assembly_confirmed	shared handler refines by opcode
186	0x0042D05C	fixed_raw_operands	10	10	8 raw operand bytes; field names pending data-flow audit	handler_specific_sequential_or_wait	0x0042A2B3:fixed_add:add word ptr [ebp+0], 0Ah	assembly_confirmed	width confirmed; parameter meaning/state effects not yet complete
187	0x0042D05C	fixed_raw_operands	10	10	8 raw operand bytes; field names pending data-flow audit	handler_specific_sequential_or_wait	0x0042A2B3:fixed_add:add word ptr [ebp+0], 0Ah	assembly_confirmed	width confirmed; parameter meaning/state effects not yet complete
188	0x0042D0D8	fixed_raw_operands	6	6	4 raw operand bytes; field names pending data-flow audit	handler_specific_sequential_or_wait	0x00429F68:fixed_add:add word ptr [ebp+0], 6	assembly_confirmed	width confirmed; parameter meaning/state effects not yet complete
189	0x0042D0D8	fixed_raw_operands	6	6	4 raw operand bytes; field names pending data-flow audit	handler_specific_sequential_or_wait	0x00429F68:fixed_add:add word ptr [ebp+0], 6	assembly_confirmed	width confirmed; parameter meaning/state effects not yet complete
190	0x0042D0D8	fixed_raw_operands	6	6	4 raw operand bytes; field names pending data-flow audit	handler_specific_sequential_or_wait	0x00429F68:fixed_add:add word ptr [ebp+0], 6	assembly_confirmed	width confirmed; parameter meaning/state effects not yet complete
191	0x0042D170	fixed_raw_operands	4	4	2 raw operand bytes; field names pending data-flow audit	handler_specific_sequential_or_wait	0x0042D185:fixed_add:add word ptr [ebp+0], 4	assembly_confirmed	width confirmed; parameter meaning/state effects not yet complete
192	0x0042D1AA	fixed_raw_operands	2	2	0 raw operand bytes; field names pending data-flow audit	handler_specific_sequential_or_wait	0x0042D1C7:fixed_add:add word ptr [ebp+0], 2	assembly_confirmed	width confirmed; parameter meaning/state effects not yet complete
193	0x0042D1D5	fixed_raw_operands	2	2	0 raw operand bytes; field names pending data-flow audit	handler_specific_sequential_or_wait	0x0042D1ED:fixed_add:add word ptr [ebp+0], 2	assembly_confirmed	width confirmed; parameter meaning/state effects not yet complete
1024	0x0042D200	fixed_control	2	2	none	advance_and_continue_same_call	0x0042D200-0x0042D214	assembly_confirmed	table-external special
1025	0x0042D49F	fixed_control	2	2	none	advance_and_yield	0x0042D49F-0x0042D4B1	assembly_confirmed	table-external special
1026	0x0042D1EA	fixed_control	2	2	none	advance_and_continue_same_call	0x0042D1EA-0x0042D1FB	assembly_confirmed	table-external special
16383	0x0042D24E	terminator	2	2	none	TalkEnd_cleanup	0x0042D24E-0x0042D49A	assembly_confirmed	does not need a sequential successor
