effective_opcode	entry_target	working_operation	operand_layout	physical_length_rule	state_reads	state_writes	flow_and_timing	error_or_quirk	helper_calls	assembly_evidence	audit_status
25	0x0042865B	set_global_bit	+2 u16 global bit id	4	addressed byte in byte_4AB384	sub_40DC80 ORs the addressed mask into byte_4AB384; common join publishes previous opcode	set bit, format pure diagnostic text, advance 4, and continue in same call	bit id is not range checked in machine code; fON diagnostic goes only to nullsub_1 and has no business consumer	sub_40DC80; wsprintfA; nullsub_1	0x0042865B-0x004286C0	assembly_audited_business_name_neutral
26	0x00428679	clear_global_bit	+2 u16 global bit id	4	addressed byte in byte_4AB384	sub_40DCB0 ANDs the addressed byte with the selected mask complement; common join publishes previous opcode	clear bit, format pure diagnostic text, advance 4, and continue in same call	bit id is not range checked in machine code; fOFF diagnostic goes only to nullsub_1 and has no business consumer	sub_40DCB0; wsprintfA; nullsub_1	0x00428679-0x004286C0	assembly_audited_business_name_neutral
27	0x004286C5	reload_world_session	+2 u16 logical map id; +4 u16 tile x; +6 u16 tile y; +8 u16 requested action id; +10 u16 requested base variant; +12 u16 requested variant delta	14	controlled role index and selected GUID; FFFF in each of the last three operands independently inherits controlled role action +0x00/+0x08/+0x34; persistent GUID-one action override and player item 0x0192 feed sub_40C130	clear normalized input records and the four movement-transition components in machine order; set process bit0; preload old roles into MAPS; release old world owners; rebuild and synchronously rebind the map/session; clear process bit0; common join publishes previous opcode	advance 14; ESI=1; continue in the same interpreter call against the rebuilt session	all six script operands are zero-extended u16; helper argument seven is literal 1/load_flags bit0; only +8/+10/+12 accept FFFF inheritance; SDL uses a pending session until the interpreter returns so reloaded spans remain valid without making the load asynchronous	sub_42E790; sub_40C130; sub_40D200	0x004286C5-0x0042870E;0x0042E790-0x0042E845	assembly_audited_platform_adapted
28	0x00428713	change_role_path_id	+2 u16 role selector; +4 u16 path id	6	role lookup; role +0x18/+0x1C/+0x34/+0x38 and +0x10; first matching object among 72 slots; object type low nibble; role coordinates; object path cursor and direction byte	found role: conditionally release old +0x38 payload and clear +0x34/+0x38; type 2 clears four link words; misaligned type 1 clears old surface when bit14 is clear, subtracts direction steps to 16-pixel alignment, spatially reinserts and resets the object; then write role+0x1C=path id, +0x18=0 and OR +0x10 with 0x1000; missing role: typed sub_40D460-equivalent MAPS patch	advance 6; common join publishes previous opcode; ESI=0 calls AIL_serve and yields	does not translate FFF0; +4 is read only after live-role payload/object effects or immediately before missing-role patch; invalid direction/cursor/runtime owners are checked platform boundaries replacing raw out-of-bounds or nonterminating behavior	sub_40C0D0; sub_4885A0; sub_40AE20; sub_411530; sub_40DD40; sub_40D460; AIL_serve	0x00428713-0x0042890E;0x0042BEE9-0x0042BEF9;0x0042B0AE-0x0042B0C8;0x0042D4D7-0x0042D4F3	assembly_audited_platform_adapted
29	0x0042B074	set_global_integer	+2 s16 index; +4 s16 value	6	dword_4ACBD0[0] sign bit in shared tail	dword_4ACBD0[index]=sign_extend(value); shared tail clamps element 0 to zero if its sign bit is set	valid signed index (<64): advance 6, ESI=1, continue; index >=64: no advance, ESI=0, yield/retry	signed lower bound is unchecked in machine code; typed owner stops negative index at the original write unsafe point; high-index diagnostic remains exact and repeats on later frames	nullsub_1 on high index	0x0042B074-0x0042B0B2;0x0042B0CD-0x0042B1EC	assembly_audited_platform_adapted
30	0x0042B074	add_global_integer	+2 s16 index; +4 s16 value	6	dword_4ACBD0[index]; dword_4ACBD0[0] sign bit	adds sign-extended value with 32-bit wrap; shared tail clamps element 0 to zero if negative	valid signed index (<64): advance 6, ESI=1, continue; index >=64: no advance, ESI=0, yield/retry	negative machine index addresses before the array and is isolated at the original read/write unsafe point; no overflow or 1000-value cap	nullsub_1 on high index	0x0042B074-0x0042B0B2;0x0042B0F4-0x0042B1EC	assembly_audited_platform_adapted
31	0x0042B074	subtract_global_integer_clamp_zero	+2 s16 index; +4 s16 value	6	dword_4ACBD0[index]; dword_4ACBD0[0] sign bit	subtracts sign-extended value with 32-bit wrap; if result sign bit is set writes zero to selected element; shared tail also clamps element 0	valid signed index (<64): advance 6, ESI=1, continue; index >=64: no advance, ESI=0, yield/retry	negative machine index is isolated at the original read/write unsafe point; sign-bit clamp is not a saturating arithmetic implementation	nullsub_1 on high index	0x0042B074-0x0042B0B2;0x0042B0FD-0x0042B1EC	assembly_audited_platform_adapted
32	0x0042B074	branch_if_global_integer_unsigned_ge	+2 s16 index; +4 s16 threshold; +6 u32 target	10	dword_4ACBD0[index] and sign-extended threshold compared as unsigned 32-bit; element 0 sign bit in shared tail	taken path reloads same TALK window; shared tail can clamp element 0	unsigned value >= unsigned(sign_extend(threshold)): transfer; otherwise advance 10; ESI=1 in both; index >=64 does not advance and yields	machine accepts negative index; typed owner still reads target first then stops at the original array-read unsafe point; high-index diagnostic skips target and repeats	sub_42E430; nullsub_1 on high index	0x0042B074-0x0042B0B2;0x0042B13D-0x0042B1EC	assembly_audited_platform_adapted
33	0x0042B074	branch_if_global_integer_unsigned_le	+2 s16 index; +4 s16 threshold; +6 u32 target	10	dword_4ACBD0[index] and sign-extended threshold compared as unsigned 32-bit; element 0 sign bit in shared tail	taken path reloads same TALK window; shared tail can clamp element 0	unsigned value <= unsigned(sign_extend(threshold)): transfer; otherwise advance 10; ESI=1 in both; index >=64 does not advance and yields	machine accepts negative index; typed owner still reads target first then stops at the original array-read unsafe point; high-index diagnostic skips target and repeats	sub_42E430; nullsub_1 on high index	0x0042B074-0x0042B0B2;0x0042B172-0x0042B1EC	assembly_audited_platform_adapted
34	0x0042890F	set_bounded_counter	+2 u16 value	4	none	dword_4ACDB0=value when value<=1000, otherwise dword_4ACDB0=0	advance 4; ESI=1; continue in same call	out-of-range input resets to zero instead of clamping to 1000	none	0x0042890F-0x0042892F;0x0042D182-0x0042D193	assembly_audited_business_name_neutral
35	0x00428934	branch_if_byte_le_bounded_counter	+2 u8 value; +3 unread byte; +4 u32 target	8	low 16 bits of dword_4ACDB0	taken path reloads same TALK window	u8 value <= u16 counter: transfer; otherwise advance 8; ESI=1 in both	byte +3 is never read; target is branch-only; typed same-file loader adds checked I/O failure after audio and target offset/IP publication	sub_42E430	0x00428934-0x00428967;0x004289A8-0x004289B9	assembly_audited_platform_adapted
36	0x0042896C	branch_if_counter_exceeds_snapshot_plus_delta	+2 u16 delta; +4 u32 target	8	dword_4ACDB0; dword_4BA42C	taken path reloads same TALK window then advances new-window IP to 8	unsigned dword_4ACDB0 > unsigned(dword_4BA42C + u16 delta with 32-bit wrap): reload then advance 8; otherwise current-window advance 8; ESI=1	addition and comparison are unsigned; target is branch-only; typed loader adds checked I/O failure but caller +8 and previous publication still occur	sub_42E430	0x0042896C-0x004289B9	assembly_audited_platform_adapted
37	0x004289BE	snapshot_script_clock	none	2	dword_4ACDB0 copied as full u32	dword_4BA42C=dword_4ACDB0 without changing clock or frame divider	advance 2; ESI=1; continue in same call	no operand or extra-window-byte requirement; IP 0x7FFE still snapshots before next-fetch failure	none	0x004289BE-0x004289D9	assembly_audited
38	0x004289DE	clear_role_from_scene	+2 u16 raw role selector; FFF0=current context GUID for lookup only	4	role flags; surface occupancy; post-mask first same-GUID role index; 72 full object slots	live: flags &= 0x00007FFF, clear surface, relookup full u32 index, fill every slot whose zero-extended u16 index matches; miss: MAPS patch raw selector with OR 0 and AND 0x7FFF	advance 4; ESI=1; publish previous; continue in same call	mask clears bit15..31; FFF0 miss patches raw FFF0; controlled-owner/session and surface unsafe domains are checked platform adaptations	sub_40C0D0; sub_40AE20; sub_40C020; sub_40DD40; sub_40D460	0x004289DE-0x00428AD7;0x0042D182-0x0042D193	assembly_audited_platform_adapted
39	0x00428ADC	set_role_flag_8000_and_clear_one_shots	+2 u16 raw role selector; FFF0=current context GUID for lookup only	4	role flags; surface occupancy; action one-shot base/delta	live: full flags OR 0x8000, clear surface, then write role+0x60/+0x7C full dwords to FFFFFFFF; miss: MAPS patch raw selector with OR 0x8000 and AND 0xFFFF	advance 4; ESI=1; publish previous; continue in same call	FFF0 miss patches raw FFF0; checked surface failure preserves flag and partial surface writes but not later one-shots; controlled owner is a session-boundary adaptation	sub_40C0D0; sub_40AE20; sub_40D460	0x00428ADC-0x00428B9B;0x0042D182-0x0042D193	assembly_audited_platform_adapted
40	0x00428BA0	relocate_role_and_complete_path	+2 u16 raw role selector; +4 u16 tile x; +6 u16 tile y	8	role lookup; current source GUID; role flags and cached action fields; story-path owners	found role: sub_42DAF0(role,u16(tile_x<<4),u16(tile_y<<4),1,-1,-1,-1), then sub_42D920(role), clear role flags bit31; raw selector==source GUID also writes role+0x4C/+0x78 full dwords to FFFFFFFF; miss: MAPS patch raw selector/tile coordinates with OR 0 and AND FFFF	advance 8; ESI=1; publish previous; continue in same call	no FFF0 translation; coordinates are read after lookup in +6 then +4 order; live shifts wrap at u16 width while MAPS fallback keeps raw tiles; checked script/runtime/helper failures isolate original unsafe domains	sub_40C0D0; sub_42DAF0; sub_42D920; sub_40D460	0x00428BA0-0x00428C9A;0x0042B0AE-0x0042B0C8	assembly_audited_platform_adapted
41	0x00428C9F	indexed_target_transfer	+2 sequence of u32 targets terminated by u32 FF00FF00	control_transfer; footprint 6 + 4*target_count	dword_4CAE7C selector; target count from unbounded terminator scan	reloads same TALK window at selected target; dword_4CAE7C=0	always transfers and ESI=1; no sequential advance	selector>count diagnoses and falls back to index 0, but selector==count is accepted and transfers to sentinel FF00FF00; unbounded terminator scan	sub_42E430; nullsub_1 on selector>count	0x00428C9F-0x00428D13	assembly_audited_business_name_neutral
42	0x00428D18	set_global_lock_and_reset_controlled_action_variant	none	2	controlled role index and action fields; dword_4A9920	dword_4A9920 |= 0x8000; controlled role action+0x08=0; attempts action refresh	advance 2; ESI=1; continue in same call	refresh failure only emits Act Err(Talk:Rmlock) diagnostic	sub_4321E0; nullsub_1	0x00428D18-0x00428DA1;0x0042D1E6-0x0042D1FB	assembly_audited_business_name_neutral
43	0x00428D18	clear_global_lock	none	2	dword_4A9920	dword_4A9920 &= 0xFFFF7FFF	advance 2; ESI=1; continue in same call	does not refresh the controlled role action	none	0x00428D18-0x00428D1E;0x00428DA6-0x00428DB3;0x0042D1EA-0x0042D1FB	assembly_audited_business_name_neutral
44	0x00428DB8	change_action_wait_override	+2 u16 role selector; FFF0=current state+24; +4 u16 value	6	role lookup result and embedded action record	role action+0x48=value; role action+0x44=0; attempts action refresh	advance 6; ESI=1; continue in same call	lookup return is unchecked: a missing role leaves index FFFFFFFF and forms an out-of-bounds action pointer before the role array; raw diagnostic label ChangSpd	sub_40C0D0; sub_4321E0; nullsub_1	0x00428DB8-0x00428E4D;0x0040C0D0-0x0040C125	assembly_audited_business_name_neutral
45	0x00428E52	change_requested_action_id	+2 u16 role selector; FFF0=current state+24; +4 u16 requested action id	6	role lookup; next instruction opcode/selector; role embedded action fields and role+0x10	found role: action+0x00=u16 value and role+0x10 |=0x1000; refresh now unless next instruction is opcode 10, 11 or 45 for the same resolved role; missing role: fallback sub_40D460	advance 6; ESI=1; continue in same call	zero action id emits a diagnostic but is still written; lookahead reads the next instruction before current IP is advanced	sub_40C0D0; sub_42E740; sub_4321E0; sub_40D460; nullsub_1	0x00428E52-0x00428F76;0x0042E740-0x0042E783	assembly_audited_business_name_neutral
46	0x00428F7B	restore_all_pending_action_overrides	+2 u16 role selector	4	role action+0x1C/+0x20/+0x3C	copy action+0x1C to +0x00, +0x20 to +0x08, +0x3C to +0x34; sub_40DC00 then resets pending fields/timers; attempts action refresh	advance 4; ESI=1; continue in same call	role lookup return is unchecked; missing selector computes action pointer for index -1; no FFF0 substitution	sub_40C0D0; sub_40DC00; sub_4321E0; nullsub_1	0x00428F7B-0x00428FC2;0x0042900D-0x00429061	assembly_audited_business_name_neutral
47	0x00428F7B	apply_pending_base_variant_override	+2 u16 role selector	4	role action+0x20	if action+0x20 != FFFFFFFF, copy it to action+0x08 and set action+0x20=FFFFFFFF; attempts action refresh	advance 4; ESI=1; continue in same call	role lookup return is unchecked; missing selector computes action pointer for index -1; no FFF0 substitution	sub_40C0D0; sub_4321E0; nullsub_1	0x00428F7B-0x00428FDC;0x0042900D-0x00429061	assembly_audited_business_name_neutral
48	0x00428F7B	apply_pending_variant_delta_override	+2 u16 role selector	4	role action+0x3C	if action+0x3C != FFFFFFFF, copy it to action+0x34 and set action+0x3C=FFFFFFFF; attempts action refresh	advance 4; ESI=1; continue in same call	role lookup return is unchecked; missing selector computes action pointer for index -1; no FFF0 substitution	sub_40C0D0; sub_4321E0; nullsub_1	0x00428F7B-0x00428FF6;0x0042900D-0x00429061	assembly_audited_business_name_neutral
49	0x00428F7B	set_action_wait_override_ffff	+2 u16 role selector	4	role action+0x48 low word	if action+0x48 low word != FFFF, write FFFF; attempts action refresh	advance 4; ESI=1; continue in same call	role lookup return is unchecked; missing selector computes action pointer for index -1; no FFF0 substitution; write is exactly 16 bits	sub_40C0D0; sub_4321E0; nullsub_1	0x00428F7B-0x00429061	assembly_audited_business_name_neutral
